Rk,School,G,W,L,W-L%,SRS,SOS,Unnamed: 8,W.1,L.1,Unnamed: 11,W.2,L.2,Unnamed: 14,W.3,L.3,Unnamed: 17,Tm.,Opp.,Unnamed: 20,MP,FG,FGA,FG%,3P,3PA,3P%,FT,FTA,FT%,ORB,TRB,AST,STL,BLK,TOV,PF
1,Abilene Christian,19,8,11,.421,-3.47,-1.02,,3,5,,5,3,,1,7,,1432,1425,,770,494,1132,.436,107,310,.345,337,460,.733,184,644,246,154,32,252,400
2,Air Force,18,8,10,.444,-1.60,-2.16,,1,5,,4,6,,4,3,,1236,1226,,730,433,938,.462,155,416,.373,215,317,.678,136,563,283,127,82,229,310
3,Akron,19,15,4,.789,6.20,-0.21,,7,0,,9,0,,5,1,,1455,1245,,765,511,1084,.471,167,467,.358,266,366,.727,196,688,270,122,56,221,304
4,Alabama,19,13,6,.684,23.63,9.90,,5,1,,9,1,,2,2,,1684,1423,,760,562,1166,.482,214,552,.388,346,441,.785,229,754,292,139,80,240,349
5,Alabama A&M,18,3,15,.167,-17.52,-3.30,,2,3,,1,4,,2,9,,1244,1500,,725,419,1012,.414,79,274,.288,327,458,.714,211,629,181,135,70,299,388
6,Alabama State,18,9,9,.500,-8.08,-0.94,,4,1,,4,2,,2,7,,1275,1267,,725,458,1188,.386,131,433,.303,228,315,.724,243,712,209,168,67,202,346
7,Albany (NY),20,10,10,.500,-6.56,-5.77,,2,3,,6,2,,4,7,,1567,1543,,800,564,1266,.445,143,444,.322,296,417,.710,241,745,267,173,68,288,387
8,Alcorn State,18,3,15,.167,-13.83,1.99,,2,3,,2,1,,1,14,,1246,1507,,720,454,1075,.422,86,265,.325,252,374,.674,211,612,184,128,28,216,330
9,American,20,11,9,.550,-7.27,-8.01,,5,2,,7,1,,4,8,,1469,1426,,805,529,1141,.464,191,525,.364,218,308,.708,194,674,303,132,37,224,349
10,Appalachian State,20,16,4,.800,6.35,-2.76,,7,1,,9,0,,4,3,,1552,1274,,810,588,1246,.472,135,438,.308,241,372,.648,230,852,310,130,136,215,276
11,Arizona,19,14,5,.737,26.25,9.04,,5,3,,10,0,,2,3,,1698,1371,,770,615,1257,.489,145,399,.363,323,445,.726,267,824,361,175,63,237,308
12,Arizona State,19,11,8,.579,6.79,8.37,,5,3,,8,1,,2,3,,1317,1347,,760,467,1109,.421,132,424,.311,251,392,.640,148,639,230,160,78,201,291
13,Arkansas,19,10,9,.526,5.89,7.20,,1,5,,9,3,,0,3,,1448,1473,,770,485,1093,.444,120,372,.323,358,499,.717,168,682,219,98,125,224,370
14,Arkansas State,20,8,12,.400,-1.99,-1.49,,4,4,,5,2,,2,9,,1562,1572,,800,538,1241,.434,200,574,.348,286,416,.688,253,750,299,112,86,242,375
15,Arkansas-Pine Bluff,18,8,10,.444,-16.08,-2.08,,3,2,,6,3,,2,7,,1509,1543,,720,502,1098,.457,204,528,.386,301,393,.766,153,600,299,129,42,235,336
16,Army,20,6,14,.300,-12.99,-8.21,,2,5,,4,6,,2,8,,1220,1263,,805,443,1101,.402,166,517,.321,168,290,.579,211,696,257,128,79,257,314
17,Auburn,19,16,3,.842,21.85,4.58,,5,1,,10,0,,2,2,,1582,1254,,760,549,1168,.470,149,450,.331,335,439,.763,229,744,344,149,111,198,346
18,Austin Peay,21,10,11,.476,-4.85,-1.85,,3,3,,7,1,,2,9,,1488,1443,,845,550,1282,.429,163,465,.351,225,335,.672,234,739,239,157,72,188,368
19,Ball State,19,10,9,.526,-5.93,-5.52,,2,5,,7,3,,3,5,,1425,1330,,765,485,1054,.460,149,400,.373,306,402,.761,180,666,235,110,57,233,285
20,Baylor,18,14,4,.778,20.25,5.96,,3,2,,10,0,,1,2,,1514,1245,,730,536,1083,.495,162,396,.409,280,387,.724,219,646,279,120,67,204,299
21,Bellarmine,21,4,17,.190,-11.47,1.09,,0,6,,3,5,,1,12,,1408,1540,,840,517,1226,.422,161,479,.336,213,274,.777,175,680,282,117,43,215,319
22,Belmont,20,11,9,.550,-0.93,2.44,,4,5,,7,1,,3,7,,1546,1576,,805,556,1162,.478,171,460,.372,263,365,.721,147,662,299,152,58,266,307
23,Bethune-Cookman,18,8,10,.444,-14.09,-7.02,,3,2,,6,1,,2,7,,1344,1349,,725,474,1097,.432,101,340,.297,295,406,.727,215,634,226,209,54,273,388
24,Binghamton,18,8,10,.444,-11.71,-4.15,,0,5,,6,2,,2,8,,1324,1335,,725,489,1065,.459,100,332,.301,246,377,.653,198,702,261,93,74,223,302
25,Boise State,19,14,5,.737,12.20,7.20,,5,1,,9,1,,3,1,,1396,1238,,760,488,1083,.451,140,413,.339,280,391,.716,209,700,236,115,43,227,303
26,Boston College,19,11,8,.579,8.60,4.75,,2,6,,7,3,,3,3,,1463,1390,,765,536,1165,.460,146,411,.355,245,324,.756,179,661,263,122,72,185,303
27,Boston University,20,7,13,.350,-11.37,-6.53,,2,5,,4,5,,3,8,,1275,1326,,800,453,1137,.398,150,481,.312,219,335,.654,193,718,243,138,45,236,342
28,Bowling Green State,19,14,5,.737,-2.94,-5.53,,5,2,,9,2,,3,2,,1459,1346,,770,508,1146,.443,137,437,.314,306,447,.685,212,742,222,120,53,221,305
29,Bradley,20,15,5,.750,10.00,1.79,,7,2,,9,2,,4,2,,1505,1327,,810,549,1152,.477,180,481,.374,227,329,.690,198,701,277,157,79,246,329
30,Brigham Young,19,14,5,.737,23.87,4.87,,2,4,,10,2,,1,3,,1603,1242,,760,589,1246,.473,235,647,.363,190,261,.728,242,797,388,126,51,208,329
31,Brown,18,5,13,.278,-6.60,-2.07,,1,2,,2,5,,2,6,,1269,1305,,731,444,1058,.420,133,414,.321,248,389,.638,221,686,218,120,85,235,305
32,Bryant,20,13,7,.650,-2.04,-2.54,,5,0,,5,1,,7,6,,1608,1504,,810,586,1297,.452,184,532,.346,252,385,.655,162,768,302,149,134,232,350
33,Bucknell,20,7,13,.350,-8.65,-3.20,,4,3,,3,6,,4,7,,1313,1422,,805,457,1057,.432,159,456,.349,240,317,.757,160,631,242,118,68,259,349
34,Buffalo,18,2,16,.111,-14.06,-0.59,,1,5,,1,8,,1,6,,1209,1432,,720,436,1060,.411,117,448,.261,220,309,.712,211,650,221,112,80,282,274
35,Butler,20,13,7,.650,13.20,5.99,,4,5,,9,2,,2,4,,1608,1445,,820,576,1253,.460,163,456,.357,293,372,.788,209,738,305,134,73,209,274
36,Cal Poly,20,4,16,.200,-12.84,-1.95,,0,8,,3,6,,0,9,,1255,1444,,815,448,1116,.401,108,353,.306,251,357,.703,189,644,190,115,79,254,384
37,Cal State Bakersfield,19,8,11,.421,-5.44,-1.26,,3,5,,6,2,,1,8,,1316,1306,,770,497,1145,.434,76,270,.281,246,361,.681,248,680,200,141,71,224,368
38,Cal State Fullerton,20,10,10,.500,-5.70,0.25,,3,5,,4,3,,5,6,,1337,1364,,805,453,1073,.422,120,377,.318,311,435,.715,182,662,182,136,53,258,359
39,Cal State Northridge,20,13,7,.650,-4.72,-6.06,,4,4,,7,3,,6,4,,1544,1451,,800,565,1230,.459,100,324,.309,314,462,.680,256,834,278,167,73,299,415
40,California,20,8,12,.400,5.82,6.62,,4,5,,7,5,,1,3,,1510,1526,,820,529,1231,.430,173,510,.339,279,389,.717,221,749,241,115,55,231,354
41,California Baptist,19,12,7,.632,-0.10,-3.98,,5,3,,9,3,,3,4,,1304,1211,,760,445,1082,.411,122,395,.309,292,436,.670,245,742,203,89,54,220,301
42,Campbell,20,10,10,.500,-10.87,-6.81,,4,3,,8,3,,2,7,,1361,1321,,805,480,1053,.456,125,398,.314,276,380,.726,157,655,250,134,51,243,308
43,Canisius,19,8,11,.421,-5.21,-2.98,,3,6,,5,2,,1,8,,1398,1398,,765,507,1146,.442,151,424,.356,233,363,.642,230,719,253,119,58,263,328
44,Central Arkansas,22,7,15,.318,-15.75,-4.55,,3,3,,4,5,,3,10,,1602,1717,,880,565,1353,.418,183,523,.350,289,396,.730,252,800,299,165,72,291,384
45,Central Connecticut State,19,11,8,.579,-6.64,-7.88,,5,1,,4,3,,7,5,,1400,1261,,760,522,1139,.458,119,384,.310,237,329,.720,189,679,283,152,95,212,263
46,Central Florida,18,12,6,.667,12.02,3.57,,3,3,,9,3,,1,3,,1309,1157,,725,446,1081,.413,124,401,.309,293,416,.704,239,722,218,163,100,234,306
47,Central Michigan,19,10,9,.526,-8.35,-1.68,,5,2,,6,2,,3,6,,1274,1370,,760,478,1098,.435,121,376,.322,197,295,.668,187,642,229,118,62,239,313
48,Charleston Southern,19,6,13,.316,-13.12,-0.49,,2,4,,5,4,,1,9,,1339,1441,,760,459,1057,.434,138,387,.357,283,365,.775,164,630,210,72,57,231,321
49,Charlotte,19,12,7,.632,5.86,3.58,,6,1,,9,1,,2,4,,1311,1223,,770,472,1035,.456,124,385,.322,243,326,.745,165,611,262,121,67,181,294
50,Chattanooga,20,13,7,.650,-1.19,-4.47,,5,2,,8,2,,5,5,,1569,1404,,810,552,1186,.465,207,604,.343,258,352,.733,190,752,279,133,78,238,331
51,Chicago State,26,11,15,.423,-8.88,-3.01,,,,,5,5,,5,9,,1792,1807,,1045,621,1468,.423,163,520,.313,387,548,.706,313,864,289,238,81,350,454
52,Cincinnati,19,13,6,.684,16.07,4.86,,2,4,,11,2,,2,3,,1485,1272,,770,548,1218,.450,141,421,.335,248,367,.676,266,790,304,120,81,218,279
53,Clemson,18,13,5,.722,15.24,7.57,,3,4,,7,2,,3,3,,1453,1315,,730,527,1095,.481,153,425,.360,246,319,.771,185,683,285,88,83,188,289
54,Cleveland State,21,12,9,.571,-2.60,-3.20,,5,5,,10,1,,2,8,,1634,1561,,850,587,1329,.442,156,428,.364,304,464,.655,293,763,276,188,94,234,403
55,Coastal Carolina,19,5,14,.263,-10.28,-2.69,,2,6,,4,10,,1,4,,1416,1479,,765,532,1192,.446,120,384,.313,232,372,.624,248,781,246,117,73,251,314
56,Colgate,20,12,8,.600,-1.34,-1.92,,6,1,,6,2,,4,5,,1405,1316,,800,514,1166,.441,169,476,.355,208,303,.686,187,741,301,132,60,225,283
57,College of Charleston,20,14,6,.700,2.33,-1.36,,5,2,,8,1,,5,2,,1615,1508,,800,565,1309,.432,200,628,.318,285,393,.725,273,822,287,112,61,212,319
58,Colorado,20,15,5,.750,16.84,5.74,,6,3,,12,0,,1,4,,1638,1416,,805,586,1160,.505,133,337,.395,333,424,.785,206,756,341,131,48,264,303
59,Colorado State,19,15,4,.789,15.37,7.60,,3,3,,10,1,,2,3,,1527,1318,,765,551,1086,.507,157,425,.369,268,352,.761,146,613,373,137,62,198,315
60,Columbia,16,9,7,.563,-5.23,-3.85,,0,3,,7,2,,2,5,,1274,1129,,640,456,972,.469,137,366,.374,225,291,.773,156,597,286,128,32,193,252
61,Connecticut,19,17,2,.895,20.07,3.60,,7,1,,10,0,,3,2,,1540,1227,,760,548,1110,.494,164,467,.351,280,384,.729,227,724,340,120,103,195,323
62,Coppin State,17,2,15,.118,-19.98,-4.27,,1,2,,2,3,,0,11,,958,1225,,690,345,919,.375,74,288,.257,194,277,.700,162,517,137,145,52,284,292
63,Cornell,17,14,3,.824,3.57,-2.17,,3,0,,6,0,,6,3,,1452,1289,,680,526,1050,.501,176,499,.353,224,314,.713,176,621,318,152,36,230,303
64,Creighton,20,15,5,.750,19.48,7.48,,6,3,,9,1,,5,3,,1589,1349,,820,574,1197,.480,207,581,.356,234,310,.755,177,789,329,74,82,216,225
65,Dartmouth,16,4,12,.250,-15.91,-1.56,,0,3,,4,3,,0,9,,960,1114,,640,337,864,.390,105,392,.268,181,254,.713,119,546,175,73,54,201,230
66,Davidson,19,12,7,.632,3.92,1.40,,2,4,,7,3,,3,3,,1386,1285,,770,480,1087,.442,159,475,.335,267,375,.712,179,671,247,126,46,196,284
67,Dayton,18,16,2,.889,15.25,5.03,,6,0,,9,0,,4,1,,1333,1149,,720,451,943,.478,173,431,.401,258,350,.737,153,607,276,103,78,181,233
68,Delaware,20,12,8,.600,0.56,-3.08,,4,3,,5,2,,5,4,,1525,1423,,805,562,1203,.467,148,420,.352,253,351,.721,191,709,302,125,53,206,310
69,Delaware State,19,10,9,.526,-11.57,-6.04,,3,0,,5,2,,3,6,,1362,1376,,785,498,1147,.434,80,273,.293,286,404,.708,219,686,239,164,37,292,312
70,Denver,21,13,8,.619,-1.93,-3.70,,4,2,,8,1,,4,6,,1809,1684,,860,614,1322,.464,180,478,.377,401,535,.750,236,797,290,126,88,207,333
71,DePaul,19,3,16,.158,-4.97,8.19,,0,8,,3,9,,0,5,,1246,1496,,760,442,1018,.434,125,358,.349,237,331,.716,136,567,252,89,70,256,308
72,Detroit Mercy,21,0,21,.000,-18.89,-1.42,,0,10,,0,7,,0,14,,1331,1698,,850,482,1221,.395,119,448,.266,248,339,.732,210,648,213,145,46,288,367
73,Drake,20,16,4,.800,11.28,-0.51,,7,2,,10,0,,3,3,,1595,1351,,815,582,1191,.489,167,481,.347,264,355,.744,164,685,327,134,39,193,320
74,Drexel,21,14,7,.667,3.33,-3.52,,7,1,,8,1,,5,6,,1558,1353,,845,574,1237,.464,134,398,.337,276,380,.726,258,848,271,108,89,230,328
75,Duke,18,14,4,.778,18.80,4.07,,5,2,,9,2,,3,2,,1471,1206,,720,516,1071,.482,149,394,.378,290,389,.746,178,647,293,127,72,167,282
76,Duquesne,18,10,8,.556,6.57,4.57,,1,5,,7,3,,1,4,,1307,1225,,720,453,1061,.427,149,443,.336,252,360,.700,216,659,232,140,78,218,320
77,East Carolina,20,10,10,.500,0.26,-0.11,,3,4,,8,6,,2,3,,1401,1364,,800,491,1157,.424,130,415,.313,289,420,.688,253,718,227,161,53,218,317
78,East Tennessee State,20,10,10,.500,-5.66,-2.55,,2,5,,6,2,,3,8,,1433,1410,,800,494,1231,.401,153,521,.294,292,409,.714,267,781,227,140,90,239,378
79,Eastern Illinois,20,10,10,.500,-10.35,-3.73,,4,3,,6,3,,3,7,,1406,1337,,800,528,1220,.433,118,346,.341,232,317,.732,224,706,278,166,49,215,336
80,Eastern Kentucky,19,10,9,.526,-4.28,-1.16,,6,0,,8,3,,2,6,,1542,1433,,765,569,1261,.451,154,450,.342,250,379,.660,263,799,294,141,115,229,310
81,Eastern Michigan,19,8,11,.421,-14.01,-4.01,,1,6,,6,3,,2,7,,1271,1423,,770,478,1100,.435,104,345,.301,211,310,.681,186,642,201,108,42,227,315
82,Eastern Washington,19,12,7,.632,1.37,1.01,,6,0,,6,0,,6,7,,1501,1375,,760,531,1075,.494,177,465,.381,262,349,.751,148,638,338,115,71,247,349
83,Elon,20,8,12,.400,-10.88,-4.38,,1,6,,6,3,,0,9,,1535,1547,,800,549,1194,.460,174,478,.364,263,371,.709,223,698,272,121,62,236,337
84,Evansville,20,11,9,.550,-4.35,-0.19,,2,7,,7,2,,3,7,,1483,1492,,810,555,1219,.455,140,412,.340,233,335,.696,169,705,287,138,70,238,299
85,Fairfield,19,12,7,.632,-3.59,-6.59,,6,2,,5,2,,7,4,,1455,1354,,760,519,1145,.453,172,466,.369,245,314,.780,186,660,280,152,46,224,287
86,Fairleigh Dickinson,21,9,12,.429,-14.77,-7.62,,3,3,,4,5,,5,6,,1622,1656,,845,563,1323,.426,183,553,.331,313,440,.711,237,778,315,173,45,274,371
87,Florida,19,13,6,.684,14.70,5.86,,3,3,,8,1,,1,3,,1606,1438,,770,567,1250,.454,144,436,.330,328,484,.678,309,845,286,129,95,238,327
88,Florida A&M,16,3,13,.188,-15.50,2.43,,1,4,,1,4,,2,8,,1097,1325,,650,418,965,.433,100,279,.358,161,232,.694,166,563,234,92,43,233,320
89,Florida Atlantic,20,16,4,.800,15.21,4.01,,6,1,,7,1,,3,2,,1667,1443,,815,602,1231,.489,178,482,.369,285,407,.700,236,761,308,148,57,225,322
90,Florida Gulf Coast,21,8,13,.381,-7.65,-1.26,,2,4,,6,3,,1,7,,1466,1536,,845,531,1194,.445,163,470,.347,241,356,.677,222,729,250,115,67,242,304
91,Florida International,20,7,13,.350,-6.61,-1.66,,2,3,,6,3,,1,7,,1540,1543,,805,560,1246,.449,180,517,.348,240,359,.669,218,656,311,228,65,294,377
92,Florida State,19,12,7,.632,11.21,7.48,,6,2,,7,4,,3,2,,1463,1392,,765,518,1171,.442,122,373,.327,305,439,.695,201,671,248,174,75,227,380
93,Fordham,19,9,10,.474,-0.25,-1.41,,3,3,,4,7,,3,1,,1424,1402,,780,486,1170,.415,155,475,.326,297,456,.651,254,728,258,165,95,259,394
94,Fresno State,19,8,11,.421,-3.23,1.55,,1,5,,6,4,,1,5,,1314,1389,,770,493,1041,.474,125,372,.336,203,312,.651,154,620,239,121,55,257,291
95,Furman,20,11,9,.550,1.62,-1.68,,5,2,,9,1,,2,6,,1634,1525,,810,578,1282,.451,192,592,.324,286,403,.710,243,797,347,156,61,265,307
96,Gardner-Webb,21,9,12,.429,-3.74,0.54,,4,2,,6,2,,2,7,,1554,1531,,851,556,1295,.429,157,472,.333,285,438,.651,229,795,262,128,48,237,419
97,George Mason,19,14,5,.737,6.84,0.56,,3,3,,10,1,,3,3,,1386,1249,,760,483,1044,.463,133,381,.349,287,383,.749,196,716,222,104,68,224,306
98,George Washington,19,14,5,.737,2.40,-2.65,,3,3,,11,1,,1,3,,1547,1441,,795,527,1152,.457,177,463,.382,316,424,.745,177,756,249,120,106,269,268
99,Georgetown,19,8,11,.421,1.48,3.48,,1,7,,7,6,,1,5,,1380,1418,,770,463,1105,.419,160,462,.346,294,403,.730,237,671,242,114,74,240,305
100,Georgia,19,14,5,.737,9.76,5.18,,4,2,,11,1,,3,1,,1448,1361,,760,474,1108,.428,154,444,.347,346,479,.722,194,711,236,123,68,218,324
101,Georgia Southern,20,4,16,.200,-11.72,-2.52,,4,4,,3,2,,1,11,,1403,1587,,800,490,1170,.419,194,546,.355,229,327,.700,201,657,210,138,74,269,397
102,Georgia State,19,9,10,.474,-4.90,-3.08,,4,4,,6,1,,3,9,,1495,1417,,765,544,1221,.446,145,453,.320,262,345,.759,210,733,235,114,51,196,343
103,Georgia Tech,19,9,10,.474,4.83,6.83,,2,6,,5,5,,2,4,,1388,1426,,780,498,1157,.430,151,472,.320,241,358,.673,235,732,255,92,83,237,323
104,Gonzaga,19,14,5,.737,16.76,2.59,,5,1,,9,1,,2,2,,1617,1296,,760,609,1212,.502,127,388,.327,272,395,.689,232,793,315,141,70,209,303
105,Grambling,18,7,11,.389,-11.45,0.68,,4,1,,5,1,,2,8,,1192,1307,,723,437,998,.438,83,272,.305,235,332,.708,175,562,173,134,44,246,293
106,Grand Canyon,20,18,2,.900,9.63,-1.58,,8,1,,10,0,,5,1,,1603,1340,,800,548,1143,.479,138,411,.336,369,503,.734,240,775,245,166,112,260,354
107,Green Bay,22,13,9,.591,-3.61,-2.26,,8,3,,8,1,,5,7,,1490,1468,,885,537,1168,.460,199,564,.353,217,299,.726,184,724,281,101,51,276,373
108,Hampton,20,4,16,.200,-17.62,-4.33,,0,8,,3,6,,0,8,,1533,1594,,800,553,1234,.448,160,474,.338,267,376,.710,224,734,275,135,52,267,354
109,Harvard,16,10,6,.625,-2.59,-1.72,,1,2,,6,2,,4,4,,1154,1139,,645,405,905,.448,124,355,.349,220,314,.701,142,572,214,88,67,187,238
110,Hawaii,20,10,10,.500,-0.16,-1.10,,2,6,,7,6,,1,3,,1401,1343,,805,488,1096,.445,157,488,.322,268,389,.689,180,680,250,96,58,250,333
111,High Point,21,17,4,.810,1.75,-5.47,,6,0,,11,0,,4,3,,1784,1544,,850,582,1255,.464,180,509,.354,440,567,.776,282,858,256,109,71,224,363
112,Hofstra,20,11,9,.550,1.35,-0.54,,4,3,,6,2,,2,7,,1504,1415,,805,554,1193,.464,206,577,.357,190,251,.757,160,669,312,122,73,218,298
113,Holy Cross,20,5,15,.250,-18.08,-6.55,,2,5,,2,5,,2,9,,1333,1524,,805,503,1136,.443,152,434,.350,175,269,.651,174,648,231,81,61,237,329
114,Houston,19,17,2,.895,28.25,6.20,,4,2,,11,0,,2,2,,1405,986,,760,511,1164,.439,148,418,.354,235,348,.675,282,768,255,197,102,173,343
115,Houston Christian,17,5,12,.294,-15.11,0.82,,3,3,,4,3,,1,9,,1218,1385,,685,460,1054,.436,76,270,.281,222,354,.627,212,683,207,112,59,287,243
116,Howard,20,8,12,.400,-7.56,-3.56,,2,2,,5,3,,3,7,,1504,1531,,820,511,1117,.457,158,436,.362,324,439,.738,210,718,272,125,54,317,384
117,Idaho,19,7,12,.368,-10.63,-3.27,,1,5,,5,6,,1,6,,1313,1348,,765,470,1087,.432,147,455,.323,226,317,.713,167,639,239,116,68,208,333
118,Idaho State,20,7,13,.350,-9.22,-3.38,,2,5,,5,3,,2,9,,1364,1379,,805,507,1112,.456,131,406,.323,219,318,.689,195,633,242,142,76,232,321
119,Illinois,19,14,5,.737,19.81,6.08,,5,3,,10,2,,2,3,,1572,1311,,765,557,1197,.465,161,469,.343,297,411,.723,255,822,252,89,80,218,265
120,Illinois State,20,10,10,.500,-2.94,-0.31,,4,5,,7,4,,2,4,,1339,1370,,800,463,1121,.413,122,438,.279,291,424,.686,215,717,241,116,45,232,331
121,Illinois-Chicago,20,8,12,.400,0.06,0.32,,1,8,,4,6,,2,5,,1402,1356,,800,524,1154,.454,177,481,.368,177,274,.646,164,677,300,105,117,238,332
122,Incarnate Word,18,5,13,.278,-14.35,-5.10,,0,5,,3,4,,2,8,,1316,1414,,725,444,1034,.429,148,428,.346,280,375,.747,182,629,219,124,75,292,350
123,Indiana,19,12,7,.632,6.85,6.96,,4,4,,10,2,,1,3,,1409,1411,,760,510,1065,.479,100,293,.341,289,435,.664,171,668,286,113,75,231,325
124,Indiana State,20,17,3,.850,13.85,0.85,,8,1,,8,0,,5,3,,1718,1441,,800,582,1137,.512,235,573,.410,319,412,.774,143,698,354,133,37,248,345
125,Iona,19,9,10,.474,-1.92,-3.92,,4,4,,5,3,,3,4,,1374,1336,,760,499,1151,.434,157,446,.352,219,333,.658,207,625,274,179,60,202,357
126,Iowa,19,11,8,.579,14.65,6.91,,3,5,,8,3,,1,4,,1617,1470,,760,595,1246,.478,131,383,.342,296,391,.757,203,714,365,151,69,192,306
127,Iowa State,19,15,4,.789,22.72,3.24,,4,2,,12,0,,2,2,,1530,1160,,760,545,1125,.484,122,353,.346,318,455,.699,217,680,331,215,54,211,301
128,IUPUI,22,6,16,.273,-19.54,-4.01,,2,9,,4,7,,2,7,,1453,1710,,885,535,1217,.440,83,323,.257,300,407,.737,215,659,226,169,42,314,377
129,Jackson State,18,8,10,.444,-7.90,-0.73,,4,1,,2,1,,4,9,,1265,1394,,720,439,1069,.411,117,367,.319,270,386,.699,228,660,230,130,69,264,343
130,Jacksonville,20,10,10,.500,-12.49,-3.14,,1,5,,7,1,,2,9,,1473,1501,,805,517,1169,.442,125,396,.316,312,440,.709,239,751,224,166,74,293,417
131,Jacksonville State,20,10,10,.500,-2.67,-3.14,,2,3,,5,4,,4,6,,1413,1279,,805,521,1128,.462,110,334,.329,261,367,.711,230,744,225,139,84,275,316
132,James Madison,20,18,2,.900,8.46,-5.38,,6,2,,9,1,,7,1,,1710,1376,,815,627,1326,.473,176,518,.340,280,400,.700,251,811,339,184,66,222,340
133,Kansas,19,16,3,.842,17.50,6.89,,4,2,,10,0,,2,2,,1505,1287,,760,560,1102,.508,120,335,.358,265,358,.740,163,700,395,145,82,225,278
134,Kansas City,21,8,13,.381,-8.55,-2.66,,2,4,,6,2,,2,8,,1503,1502,,855,541,1291,.419,177,540,.328,244,359,.680,275,808,285,114,83,262,404
135,Kansas State,19,14,5,.737,11.93,5.67,,4,2,,11,1,,2,2,,1408,1289,,785,483,1101,.439,145,458,.317,297,405,.733,239,731,288,134,86,281,313
136,Kennesaw State,20,13,7,.650,-5.21,-4.80,,4,2,,8,1,,3,6,,1685,1567,,805,593,1329,.446,192,591,.325,307,453,.678,245,797,305,164,91,245,392
137,Kent State,20,10,10,.500,-0.57,-0.74,,3,5,,5,5,,3,4,,1555,1489,,820,537,1185,.453,161,449,.359,320,426,.751,220,695,262,142,53,253,356
138,Kentucky,18,14,4,.778,17.39,4.78,,4,2,,10,1,,2,2,,1619,1392,,730,587,1179,.498,179,448,.400,266,354,.751,176,684,329,145,102,179,286
139,La Salle,19,10,9,.526,-3.03,-0.19,,1,5,,7,4,,2,5,,1401,1386,,780,507,1181,.429,164,490,.335,223,306,.729,195,651,285,130,61,182,313
140,Lafayette,20,8,12,.400,-9.53,-3.64,,7,0,,4,4,,4,6,,1241,1337,,805,463,1146,.404,135,463,.292,180,265,.679,175,669,264,138,90,245,307
141,Lamar,19,10,9,.526,-5.85,-6.56,,4,2,,7,1,,1,8,,1537,1450,,770,543,1209,.449,155,429,.361,296,408,.725,254,748,314,146,67,257,365
142,Le Moyne,19,8,11,.421,-10.98,-6.29,,3,2,,5,2,,3,9,,1412,1370,,760,504,1157,.436,198,554,.357,206,268,.769,164,628,308,173,67,223,290
143,Lehigh,18,5,13,.278,-8.53,-3.28,,2,5,,3,4,,2,9,,1310,1314,,725,477,1090,.438,123,405,.304,233,325,.717,154,648,243,130,33,228,323
144,Liberty,20,13,7,.650,5.21,0.03,,2,3,,8,2,,1,3,,1529,1266,,805,564,1205,.468,219,590,.371,182,275,.662,204,726,349,112,38,191,284
145,Lindenwood,20,7,13,.350,-17.64,-5.87,,1,6,,3,5,,2,8,,1324,1449,,800,456,1089,.419,95,336,.283,317,433,.732,164,634,162,117,50,255,352
146,Lipscomb,21,13,8,.619,0.46,-3.12,,4,2,,7,1,,4,6,,1725,1572,,840,628,1276,.492,205,545,.376,264,354,.746,167,719,318,130,78,224,267
147,Little Rock,20,10,10,.500,-6.67,-6.52,,4,3,,8,4,,2,5,,1593,1596,,810,563,1232,.457,140,421,.333,327,453,.722,230,717,290,121,82,241,402
148,Long Beach State,20,12,8,.600,-1.94,-1.05,,4,4,,5,2,,6,4,,1582,1547,,805,573,1246,.460,109,349,.312,327,481,.680,244,777,307,177,79,280,361
149,Long Island University,18,4,14,.222,-19.64,-5.47,,3,3,,2,3,,1,11,,1143,1398,,720,412,1022,.403,97,342,.284,222,314,.707,147,591,206,108,47,259,333
150,Longwood,22,14,8,.636,-2.03,-7.24,,2,5,,10,2,,4,6,,1648,1417,,895,596,1310,.455,116,366,.317,340,509,.668,315,891,279,160,65,285,400
151,Louisiana,20,12,8,.600,0.46,-1.32,,5,3,,6,1,,4,6,,1560,1453,,800,572,1217,.470,167,445,.375,249,339,.735,219,666,269,175,87,243,373
152,Louisiana State,19,11,8,.579,9.10,3.21,,3,3,,8,3,,1,3,,1445,1333,,765,501,1100,.455,144,419,.344,299,412,.726,195,696,232,176,74,254,335
153,Louisiana Tech,20,14,6,.700,6.15,0.33,,4,1,,10,0,,4,6,,1511,1274,,810,515,1129,.456,151,414,.365,330,481,.686,236,789,258,154,101,251,314
154,Louisiana-Monroe,18,6,12,.333,-10.95,-1.45,,2,6,,4,5,,2,7,,1234,1310,,720,448,1081,.414,89,324,.275,249,382,.652,253,717,248,126,50,238,329
155,Louisville,19,6,13,.316,-0.36,4.85,,1,7,,5,6,,1,5,,1385,1484,,765,480,1099,.437,112,348,.322,313,426,.735,194,662,216,100,52,230,322
156,Loyola (IL),20,13,7,.650,4.44,1.39,,5,2,,9,2,,3,3,,1462,1353,,800,526,1140,.461,159,457,.348,251,368,.682,174,736,330,134,97,262,381
157,Loyola (MD),20,3,17,.150,-17.01,-5.32,,1,6,,1,7,,2,9,,1297,1485,,810,480,1103,.435,145,428,.339,192,316,.608,190,676,269,117,45,289,317
158,Loyola Marymount,20,10,10,.500,2.14,-0.49,,3,3,,7,5,,2,2,,1481,1390,,800,511,1158,.441,170,476,.357,289,392,.737,210,734,238,81,53,225,349
159,Maine,20,10,10,.500,-5.81,-4.92,,2,3,,4,2,,4,8,,1380,1345,,800,517,1139,.454,116,378,.307,230,315,.730,154,657,268,170,57,230,335
160,Manhattan,17,4,13,.235,-15.85,-2.98,,1,7,,2,5,,2,8,,1115,1309,,685,418,1038,.403,128,419,.305,151,212,.712,158,577,237,132,47,236,226
161,Marist,17,9,8,.529,-7.29,-9.17,,4,4,,5,2,,4,6,,1089,1057,,680,405,913,.444,110,335,.328,169,264,.640,123,547,192,134,51,210,291
162,Marquette,19,14,5,.737,18.30,8.83,,5,3,,9,1,,3,3,,1475,1295,,760,544,1161,.469,162,499,.325,225,307,.733,172,634,310,169,50,196,289
163,Marshall,20,9,11,.450,-4.16,-1.06,,5,3,,5,4,,3,4,,1473,1535,,800,512,1262,.406,153,507,.302,296,414,.715,242,801,304,132,92,249,318
164,Maryland,20,12,8,.600,9.72,3.57,,4,5,,9,2,,3,4,,1403,1280,,805,469,1120,.419,124,428,.290,341,484,.705,241,732,216,139,108,243,351
165,Maryland-Baltimore County,20,6,14,.300,-11.90,-5.69,,1,4,,5,5,,1,9,,1534,1633,,800,584,1276,.458,167,461,.362,199,296,.672,197,734,257,100,69,282,319
166,Maryland-Eastern Shore,17,5,12,.294,-17.79,-3.01,,1,3,,5,1,,0,11,,1108,1229,,695,393,1015,.387,112,350,.320,210,282,.745,187,597,193,117,41,233,307
167,Massachusetts,19,12,7,.632,8.65,-0.56,,3,4,,9,2,,0,4,,1543,1368,,765,557,1206,.462,122,388,.314,307,444,.691,262,739,318,162,58,211,377
168,Massachusetts-Lowell,19,14,5,.737,-0.56,-6.74,,5,1,,6,2,,8,3,,1530,1270,,765,563,1148,.490,105,329,.319,299,406,.736,218,775,257,133,94,256,278
169,McNeese State,19,17,2,.895,5.21,-3.65,,6,0,,9,0,,7,2,,1495,1156,,760,543,1119,.485,141,359,.393,268,391,.685,210,712,265,196,62,192,308
170,Memphis,19,15,4,.789,11.39,4.91,,4,2,,8,1,,5,2,,1542,1419,,770,530,1140,.465,157,444,.354,323,437,.739,208,709,254,157,100,249,325
171,Mercer,20,8,12,.400,-6.70,-2.70,,1,6,,5,4,,2,7,,1396,1424,,800,518,1180,.439,136,402,.338,224,341,.657,226,693,271,141,69,243,402
172,Merrimack,21,11,10,.524,-3.97,-4.23,,5,2,,7,1,,3,8,,1431,1401,,845,505,1156,.437,146,501,.291,275,381,.722,161,650,267,202,73,274,342
173,Miami (FL),19,13,6,.684,13.04,3.41,,4,4,,9,2,,2,3,,1556,1373,,765,570,1161,.491,176,450,.391,240,313,.767,176,702,290,151,65,245,244
174,Miami (OH),19,9,10,.474,-6.22,-3.93,,3,4,,6,3,,3,7,,1408,1358,,765,500,1068,.468,155,415,.373,253,364,.695,145,621,294,109,46,228,347
175,Michigan,19,7,12,.368,9.21,9.27,,2,6,,4,5,,2,4,,1495,1496,,775,536,1151,.466,167,447,.374,256,357,.717,206,705,258,77,68,237,335
176,Michigan State,20,12,8,.600,18.31,8.61,,4,5,,10,2,,1,4,,1514,1320,,805,559,1187,.471,136,373,.365,260,369,.705,203,711,349,140,83,204,326
177,Middle Tennessee,20,7,13,.350,-7.80,-0.41,,1,4,,6,6,,0,5,,1261,1331,,815,454,1119,.406,126,453,.278,227,343,.662,227,701,193,124,92,293,314
178,Milwaukee,20,10,10,.500,-6.33,-2.83,,5,4,,7,2,,2,7,,1574,1590,,805,554,1251,.443,169,519,.326,297,418,.711,277,753,268,126,90,251,358
179,Minnesota,19,12,7,.632,9.23,1.02,,3,5,,11,3,,1,3,,1448,1292,,760,524,1104,.475,151,442,.342,249,375,.664,213,713,354,127,92,239,311
180,Mississippi,19,16,3,.842,10.12,3.59,,3,3,,12,0,,2,3,,1458,1334,,760,515,1127,.457,141,369,.382,287,383,.749,195,670,292,166,121,199,288
181,Mississippi State,19,13,6,.684,13.95,5.64,,2,4,,7,2,,0,4,,1419,1261,,760,500,1120,.446,142,453,.313,277,400,.693,233,745,283,160,69,242,321
182,Mississippi Valley State,19,0,19,.000,-27.74,1.58,,0,6,,0,4,,0,15,,1003,1560,,765,367,986,.372,69,253,.273,200,322,.621,188,556,146,122,36,319,348
183,Missouri,19,8,11,.421,5.60,5.07,,0,6,,6,5,,2,4,,1408,1398,,765,507,1135,.447,156,479,.326,238,311,.765,181,618,255,159,100,207,363
184,Missouri State,20,11,9,.550,0.78,0.18,,3,6,,6,3,,2,6,,1415,1403,,815,498,1157,.430,153,482,.317,266,379,.702,200,778,247,87,97,248,319
185,Monmouth,20,10,10,.500,-2.37,-0.92,,3,4,,7,1,,1,9,,1423,1452,,801,504,1177,.428,158,427,.370,257,360,.714,212,700,249,145,70,234,339
186,Montana,20,13,7,.650,1.64,0.05,,4,3,,8,2,,5,5,,1547,1427,,805,574,1194,.481,149,426,.350,250,320,.781,180,716,303,89,59,207,329
187,Montana State,20,10,10,.500,-5.24,-2.54,,5,2,,7,5,,3,5,,1481,1470,,810,527,1135,.464,172,495,.347,255,345,.739,131,607,259,167,42,236,381
188,Morehead State,20,15,5,.750,0.81,-2.81,,6,1,,9,0,,6,5,,1548,1262,,800,560,1195,.469,186,529,.352,242,346,.699,265,831,310,119,102,248,333
189,Morgan State,19,5,14,.263,-18.71,-2.02,,1,2,,4,3,,1,9,,1370,1501,,765,522,1174,.445,105,332,.316,221,305,.725,219,694,240,120,60,284,360
190,Mount St. Mary's,19,7,12,.368,-6.57,-7.04,,3,5,,5,2,,2,10,,1369,1360,,773,520,1112,.468,123,379,.325,206,287,.718,194,651,259,143,73,285,314
191,Murray State,20,8,12,.400,1.52,1.31,,5,4,,5,5,,3,5,,1432,1395,,805,518,1168,.443,140,432,.324,256,365,.701,193,681,254,120,62,193,303
192,Navy,18,8,10,.444,-9.00,-7.94,,4,3,,7,2,,1,8,,1217,1177,,725,425,1060,.401,106,363,.292,261,379,.689,218,639,222,150,33,188,329
193,NC State,19,13,6,.684,10.03,3.61,,5,3,,9,2,,3,2,,1445,1323,,770,525,1186,.443,132,402,.328,263,362,.727,203,681,247,157,60,186,330
194,Nebraska,20,15,5,.750,13.06,4.51,,5,4,,13,1,,1,4,,1571,1400,,805,536,1185,.452,191,531,.360,308,407,.757,212,781,323,130,57,221,298
195,Nevada,20,16,4,.800,12.84,2.47,,3,3,,10,1,,3,2,,1539,1309,,800,533,1122,.475,120,353,.340,353,494,.715,177,700,286,125,82,187,351
196,Nevada-Las Vegas,18,9,9,.500,6.95,7.70,,2,4,,7,4,,2,2,,1361,1281,,730,506,1094,.463,135,410,.329,214,300,.713,191,611,270,129,83,190,291
197,New Hampshire,19,12,7,.632,-3.75,-3.48,,4,2,,6,2,,6,5,,1458,1386,,765,508,1199,.424,177,515,.344,265,364,.728,177,738,241,145,35,230,293
198,New Mexico,20,17,3,.850,16.83,3.04,,5,2,,10,0,,3,3,,1684,1389,,800,622,1303,.477,126,373,.338,314,460,.683,244,785,314,203,97,208,369
199,New Mexico State,20,9,11,.450,-6.00,2.62,,3,2,,9,1,,0,8,,1405,1433,,810,485,1132,.428,134,394,.340,301,422,.713,179,693,246,142,59,264,418
200,New Orleans,19,7,12,.368,-15.28,-2.94,,2,4,,6,2,,1,9,,1428,1492,,766,504,1196,.421,104,328,.317,316,436,.725,221,683,214,150,68,238,349
201,Niagara,19,10,9,.526,-7.66,-6.49,,6,3,,4,5,,6,4,,1442,1414,,765,513,1067,.481,128,319,.401,288,376,.766,142,573,249,95,36,206,282
202,Nicholls State,19,9,10,.474,-6.97,-1.09,,4,2,,5,1,,4,7,,1394,1435,,790,468,1098,.426,154,443,.348,304,413,.736,192,684,202,140,86,251,357
203,NJIT,18,4,14,.222,-14.28,-3.46,,0,6,,3,6,,1,8,,1236,1344,,720,425,1077,.395,135,441,.306,251,360,.697,221,640,202,130,65,222,358
204,Norfolk State,20,12,8,.600,-4.57,-2.70,,2,1,,6,0,,4,6,,1506,1354,,800,517,1144,.452,133,389,.342,339,456,.743,227,711,240,180,55,236,386
205,North Alabama,20,8,12,.400,-6.82,-3.38,,2,4,,6,3,,2,9,,1540,1525,,826,538,1226,.439,156,447,.349,308,411,.749,219,741,236,119,64,229,384
206,North Carolina,19,16,3,.842,22.47,7.99,,8,0,,9,0,,4,0,,1587,1312,,765,542,1182,.459,144,405,.356,359,472,.761,224,784,267,112,91,197,320
207,North Carolina A&T,20,6,14,.300,-14.22,-3.22,,4,3,,3,3,,2,8,,1399,1619,,800,476,1172,.406,136,439,.310,311,428,.727,171,602,219,119,70,189,324
208,North Carolina Central,18,10,8,.556,-7.59,-3.30,,2,1,,7,1,,3,6,,1369,1219,,725,481,1064,.452,123,393,.313,284,410,.693,196,634,232,152,55,212,318
209,North Dakota,21,11,10,.524,-9.35,-5.30,,3,3,,6,3,,3,7,,1566,1527,,845,551,1271,.434,170,547,.311,294,419,.702,253,778,244,125,57,224,325
210,North Dakota State,21,9,12,.429,-6.85,-0.63,,2,4,,6,3,,3,8,,1625,1587,,865,598,1252,.478,172,449,.383,257,368,.698,197,728,259,98,27,225,318
211,North Florida,21,12,9,.571,-6.07,-3.52,,5,1,,9,2,,3,7,,1632,1548,,840,560,1285,.436,264,730,.362,248,331,.749,200,729,285,126,64,238,331
212,North Texas,18,12,6,.667,9.59,2.97,,5,1,,9,0,,2,2,,1215,1057,,725,427,995,.429,143,398,.359,218,298,.732,221,661,194,122,54,212,300
213,Northeastern,20,8,12,.400,-5.05,-2.15,,3,4,,4,3,,3,8,,1402,1460,,800,505,1085,.465,115,373,.308,277,370,.749,208,654,263,122,58,264,297
214,Northern Arizona,20,10,10,.500,-12.22,-3.22,,3,3,,5,0,,4,9,,1325,1505,,800,486,1139,.427,130,419,.310,223,335,.666,161,622,265,115,63,255,363
215,Northern Colorado,19,11,8,.579,-2.84,-2.96,,4,2,,7,1,,3,6,,1541,1489,,780,562,1169,.481,158,454,.348,259,361,.717,160,665,275,120,34,211,313
216,Northern Illinois,18,6,12,.333,-6.48,2.96,,0,6,,3,6,,2,6,,1387,1442,,725,490,1057,.464,145,410,.354,262,394,.665,170,635,199,103,93,234,321
217,Northern Iowa,20,12,8,.600,4.88,2.62,,6,3,,7,2,,4,4,,1492,1409,,810,524,1120,.468,154,426,.362,290,405,.716,148,675,257,129,44,214,330
218,Northern Kentucky,21,11,10,.524,-2.37,-2.37,,6,4,,8,2,,3,8,,1545,1493,,850,552,1200,.460,117,385,.304,324,461,.703,218,717,285,195,65,263,347
219,Northwestern,19,14,5,.737,10.64,5.38,,5,3,,10,1,,2,3,,1405,1305,,770,515,1099,.469,151,404,.374,224,309,.725,159,575,308,150,64,170,330
220,Northwestern State,19,5,14,.263,-15.63,-2.81,,3,3,,4,3,,1,9,,1348,1495,,760,484,1140,.425,134,434,.309,246,369,.667,218,646,221,132,64,259,346
221,Notre Dame,19,7,12,.368,2.74,5.58,,2,6,,5,7,,1,4,,1191,1245,,775,425,1061,.401,139,468,.297,202,285,.709,196,715,185,108,51,260,290
222,Oakland,21,12,9,.571,1.30,1.11,,7,3,,5,2,,5,6,,1551,1547,,845,557,1244,.448,161,485,.332,276,380,.726,214,720,276,143,43,246,322
223,Ohio,20,10,10,.500,-0.72,-3.46,,4,4,,7,3,,1,5,,1551,1419,,810,557,1220,.457,167,481,.347,270,385,.701,211,718,276,132,71,199,367
224,Ohio State,19,13,6,.684,13.42,4.79,,3,5,,9,2,,0,4,,1445,1281,,766,511,1140,.448,146,424,.344,277,369,.751,232,743,283,102,91,200,299
225,Oklahoma,19,15,4,.789,16.14,3.45,,3,3,,11,1,,1,2,,1487,1246,,760,530,1103,.481,141,413,.341,286,376,.761,199,711,270,129,65,244,293
226,Oklahoma State,19,8,11,.421,6.06,3.80,,0,6,,7,5,,0,4,,1366,1323,,770,486,1083,.449,173,485,.357,221,332,.666,182,673,277,119,55,257,305
227,Old Dominion,20,5,15,.250,-7.19,-0.40,,1,7,,4,5,,0,8,,1433,1548,,805,542,1265,.428,134,423,.317,215,327,.657,201,697,210,162,70,214,358
228,Omaha,22,10,12,.455,-6.11,-4.27,,3,4,,8,2,,1,9,,1630,1559,,885,556,1229,.452,138,414,.333,380,509,.747,193,743,226,142,50,223,362
229,Oral Roberts,20,9,11,.450,-4.44,-0.50,,3,4,,7,2,,2,9,,1506,1497,,810,536,1195,.449,185,484,.382,249,340,.732,147,666,223,115,80,184,338
230,Oregon,19,14,5,.737,12.40,6.30,,6,2,,10,0,,3,2,,1487,1371,,765,531,1125,.472,159,423,.376,266,384,.693,176,655,269,144,67,199,323
231,Oregon State,19,10,9,.526,3.17,7.34,,2,6,,10,2,,0,4,,1336,1375,,790,459,1049,.438,122,363,.336,296,397,.746,170,638,218,123,74,248,366
232,Pacific,21,6,15,.286,-17.80,-2.69,,0,6,,5,6,,1,9,,1364,1615,,850,483,1161,.416,142,459,.309,256,410,.624,133,579,295,135,38,265,357
233,Penn State,19,9,10,.474,7.02,4.96,,3,5,,9,2,,0,4,,1451,1412,,770,506,1166,.434,146,469,.311,293,396,.740,192,615,224,170,55,207,345
234,Pennsylvania,18,9,9,.500,-1.18,0.95,,1,2,,8,2,,1,5,,1363,1298,,740,489,1070,.457,180,467,.385,205,310,.661,206,678,284,115,49,229,255
235,Pepperdine,22,9,13,.409,-2.44,1.81,,2,5,,8,5,,1,5,,1583,1620,,880,581,1311,.443,145,416,.349,276,404,.683,242,751,295,119,64,252,365
236,Pittsburgh,19,12,7,.632,12.82,3.18,,3,5,,7,5,,4,1,,1449,1266,,760,506,1169,.433,176,518,.340,261,381,.685,242,748,270,127,97,191,295
237,Portland,21,7,14,.333,-10.27,0.10,,1,5,,6,3,,1,8,,1543,1700,,840,543,1204,.451,179,527,.340,278,395,.704,184,711,297,101,51,278,341
238,Portland State,20,12,8,.600,-6.40,-3.23,,3,4,,6,1,,5,6,,1417,1404,,804,505,1211,.417,152,471,.323,255,369,.691,219,739,246,126,75,219,340
239,Prairie View,18,7,11,.389,-12.70,-1.76,,2,3,,3,0,,3,11,,1267,1388,,720,453,1106,.410,91,295,.308,270,371,.728,193,576,195,173,41,233,384
240,Presbyterian,21,9,12,.429,-9.93,-5.59,,1,5,,4,6,,4,5,,1607,1552,,845,585,1208,.484,143,413,.346,294,451,.652,185,709,293,137,67,249,398
241,Princeton,16,15,1,.938,9.85,-1.37,,3,0,,7,0,,7,1,,1251,1011,,640,448,939,.477,169,459,.368,186,233,.798,149,557,245,96,43,151,206
242,Providence,19,13,6,.684,13.74,5.63,,4,4,,10,2,,2,3,,1400,1246,,770,500,1092,.458,153,467,.328,247,358,.690,169,703,265,124,96,243,292
243,Purdue,20,18,2,.900,26.95,10.45,,7,2,,10,0,,3,2,,1715,1385,,805,593,1207,.491,180,443,.406,349,483,.723,244,834,381,112,84,233,280
244,Purdue Fort Wayne,21,14,7,.667,-0.09,-6.04,,5,5,,8,2,,4,5,,1734,1494,,845,616,1307,.471,199,547,.364,303,432,.701,177,678,277,211,64,221,377
245,Queens (NC),21,8,13,.381,-10.63,-1.31,,2,4,,7,2,,0,11,,1668,1732,,840,594,1353,.439,195,582,.335,285,413,.690,243,779,292,160,60,264,362
246,Quinnipiac,19,15,4,.789,-3.62,-7.18,,7,1,,9,1,,6,3,,1497,1365,,765,524,1175,.446,140,412,.340,309,392,.788,212,726,271,152,76,244,298
247,Radford,21,12,9,.571,-3.53,-1.85,,2,4,,6,2,,3,7,,1532,1480,,855,561,1221,.459,165,443,.372,245,329,.745,206,724,239,126,75,239,364
248,Rhode Island,19,9,10,.474,-1.74,2.81,,3,3,,8,3,,1,4,,1386,1430,,760,499,1067,.468,122,343,.356,266,425,.626,212,728,253,93,61,251,312
249,Rice,19,7,12,.368,-3.26,2.02,,1,5,,5,5,,2,4,,1378,1429,,770,498,1144,.435,147,462,.318,235,334,.704,211,700,279,113,65,236,276
250,Richmond,19,14,5,.737,8.64,0.48,,6,0,,10,0,,3,3,,1389,1234,,765,518,1117,.464,152,411,.370,201,278,.723,118,652,252,138,60,162,256
251,Rider,19,6,13,.316,-9.57,-2.18,,3,5,,4,3,,2,10,,1354,1441,,775,498,1202,.414,105,340,.309,253,357,.709,248,751,235,130,72,247,353
252,Robert Morris,20,8,12,.400,-7.20,-4.42,,4,5,,6,5,,2,7,,1518,1509,,815,539,1209,.446,165,482,.342,275,377,.729,250,723,267,117,52,294,356
253,Rutgers,18,10,8,.556,6.95,5.12,,2,5,,9,1,,1,5,,1230,1197,,725,432,1109,.390,110,372,.296,256,390,.656,236,705,215,128,100,209,295
254,Sacramento State,20,6,14,.300,-10.80,-1.64,,2,5,,5,3,,1,9,,1388,1436,,800,488,1119,.436,157,488,.322,255,359,.710,245,761,271,90,60,298,349
255,Sacred Heart,21,10,11,.476,-10.04,-7.68,,4,2,,7,3,,2,8,,1535,1507,,840,561,1254,.447,143,419,.341,270,381,.709,199,701,267,189,103,246,354
256,Saint Francis (PA),20,7,13,.350,-17.67,-5.84,,2,5,,5,5,,2,8,,1319,1465,,800,482,1136,.424,133,408,.326,222,352,.631,241,680,252,125,74,275,346
257,Saint Joseph's,20,13,7,.650,7.48,-0.82,,3,4,,9,2,,2,5,,1550,1384,,805,547,1206,.454,212,572,.371,244,334,.731,209,750,310,141,72,229,317
258,Saint Louis,19,8,11,.421,-3.16,3.67,,1,5,,7,3,,0,6,,1377,1464,,760,470,1073,.438,143,398,.359,294,404,.728,167,648,226,110,49,224,339
259,Saint Mary's (CA),21,15,6,.714,16.30,4.05,,6,0,,9,3,,5,0,,1525,1201,,850,569,1254,.454,149,463,.322,238,351,.678,301,864,333,151,95,233,352
260,Saint Peter's,17,10,7,.588,-3.97,-5.04,,6,2,,5,2,,5,5,,1110,1090,,680,371,944,.393,97,322,.301,271,370,.732,214,598,195,125,49,216,335
261,Sam Houston,20,11,9,.550,-3.23,-0.46,,4,1,,7,2,,3,7,,1441,1434,,810,497,1217,.408,146,445,.328,301,420,.717,240,754,263,141,52,254,351
262,Samford,20,17,3,.850,6.75,-3.64,,6,1,,13,0,,4,3,,1785,1508,,800,637,1297,.491,208,516,.403,303,414,.732,242,752,381,229,81,280,382
263,San Diego,21,11,10,.524,-3.99,1.43,,1,5,,9,5,,1,4,,1525,1611,,840,547,1260,.434,151,428,.353,280,375,.747,215,747,278,144,80,304,386
264,San Diego State,20,16,4,.800,15.33,7.77,,5,2,,10,0,,3,4,,1525,1335,,810,529,1180,.448,140,447,.313,327,450,.727,220,753,253,150,71,218,347
265,San Francisco,21,15,6,.714,11.11,-1.14,,4,2,,10,1,,3,3,,1651,1337,,845,625,1263,.495,178,508,.350,223,291,.766,216,735,334,179,79,258,365
266,San Jose State,19,8,11,.421,-0.85,0.21,,1,5,,5,4,,1,6,,1431,1405,,770,525,1127,.466,179,491,.365,202,288,.701,168,626,271,103,78,201,315
267,Santa Clara,22,15,7,.682,5.51,1.46,,6,1,,8,3,,4,2,,1712,1590,,880,620,1308,.474,194,514,.377,278,394,.706,246,844,342,108,62,289,378
268,Seattle,20,12,8,.600,3.71,-1.08,,5,4,,11,2,,1,6,,1490,1344,,825,514,1159,.443,143,445,.321,319,440,.725,205,732,261,121,60,273,398
269,Seton Hall,20,13,7,.650,11.62,7.17,,6,3,,9,3,,3,2,,1489,1400,,815,539,1194,.451,113,343,.329,298,382,.780,272,776,256,148,93,260,312
270,Siena,19,3,16,.158,-18.68,-3.74,,2,6,,2,6,,1,8,,1168,1452,,760,430,1058,.406,94,353,.266,214,341,.628,237,687,202,99,82,317,286
271,South Alabama,20,10,10,.500,-7.27,-2.04,,3,5,,6,5,,4,5,,1479,1548,,820,531,1222,.435,148,460,.322,269,364,.739,171,678,218,138,56,224,337
272,South Carolina,19,16,3,.842,11.16,2.37,,4,2,,10,1,,3,2,,1392,1225,,765,485,1101,.441,161,470,.343,261,361,.723,229,702,284,89,65,200,304
273,South Carolina State,19,5,14,.263,-14.01,-0.89,,1,2,,5,3,,0,11,,1357,1555,,765,487,1206,.404,106,350,.303,277,408,.679,296,718,277,166,66,279,400
274,South Carolina Upstate,19,6,13,.316,-10.14,-1.39,,1,5,,4,4,,2,9,,1357,1384,,770,495,1123,.441,147,432,.340,220,338,.651,184,608,248,149,60,218,372
275,South Dakota,21,9,12,.429,-11.07,-3.57,,2,4,,6,4,,2,7,,1602,1631,,855,577,1288,.448,166,453,.366,282,396,.712,259,850,268,80,45,290,339
276,South Dakota State,21,12,9,.571,0.31,-0.58,,5,1,,7,2,,3,3,,1612,1514,,840,600,1239,.484,176,495,.356,236,349,.676,186,757,281,137,74,251,314
277,South Florida,17,12,5,.706,4.34,-1.37,,5,1,,9,2,,2,3,,1291,1194,,680,432,1007,.429,135,406,.333,292,394,.741,180,618,244,124,55,182,301
278,Southeast Missouri State,20,7,13,.350,-19.41,-5.04,,2,5,,7,3,,0,9,,1360,1474,,805,498,1196,.416,126,424,.297,238,350,.680,187,650,255,116,55,253,395
279,Southeastern Louisiana,19,7,12,.368,-11.02,-0.77,,2,4,,5,2,,2,8,,1273,1349,,760,448,1052,.426,127,393,.323,250,353,.708,207,646,266,137,31,255,311
280,Southern,18,9,9,.500,-6.88,1.25,,3,2,,6,0,,3,9,,1344,1312,,730,488,1112,.439,127,415,.306,241,359,.671,188,594,248,188,45,245,354
281,Southern California,19,8,11,.421,8.93,8.40,,2,6,,5,3,,1,6,,1439,1429,,765,506,1126,.449,155,435,.356,272,385,.706,213,696,293,131,86,265,318
282,Southern Illinois,20,13,7,.650,6.34,-0.72,,5,4,,10,3,,2,3,,1461,1296,,800,497,1065,.467,163,439,.371,304,400,.760,163,659,292,111,59,217,351
283,SIU Edwardsville,20,11,9,.550,-7.10,-5.10,,4,3,,8,1,,1,8,,1409,1351,,800,489,1136,.430,147,413,.356,284,401,.708,213,695,226,131,90,208,319
284,Southern Indiana,21,5,16,.238,-13.23,-2.68,,2,6,,4,7,,1,9,,1413,1510,,845,483,1202,.402,135,433,.312,312,424,.736,217,777,245,137,67,293,431
285,Southern Methodist,19,13,6,.684,15.27,2.54,,4,2,,9,2,,3,3,,1439,1191,,760,531,1162,.457,139,401,.347,238,345,.690,256,764,301,162,99,228,322
286,Southern Mississippi,20,12,8,.600,-5.17,-2.34,,6,2,,7,1,,5,4,,1406,1404,,800,487,1165,.418,132,396,.333,300,432,.694,226,750,248,147,97,241,337
287,Southern Utah,19,7,12,.368,-4.94,-0.35,,2,6,,5,3,,1,9,,1457,1483,,765,503,1148,.438,125,416,.300,326,435,.749,204,638,220,124,44,217,336
288,St. Bonaventure,19,12,7,.632,8.80,0.59,,3,4,,7,2,,3,3,,1409,1253,,760,509,1101,.462,153,414,.370,238,305,.780,192,632,248,127,75,207,318
289,St. John's (NY),20,13,7,.650,16.32,8.67,,5,4,,9,2,,2,3,,1544,1391,,800,577,1297,.445,139,417,.333,251,356,.705,304,804,311,132,100,235,355
290,St. Thomas,21,14,7,.667,0.60,-5.06,,4,2,,8,1,,5,5,,1547,1327,,845,547,1183,.462,197,562,.351,256,343,.746,183,680,302,123,52,193,339
291,Stanford,19,10,9,.526,8.40,5.83,,5,4,,8,3,,2,3,,1498,1449,,775,538,1126,.478,178,451,.395,244,329,.742,137,668,334,97,59,245,303
292,Stephen F. Austin,19,12,7,.632,2.43,-1.75,,5,3,,6,3,,4,3,,1486,1330,,775,516,1131,.456,123,377,.326,331,461,.718,253,730,260,179,56,328,429
293,Stetson,21,12,9,.571,-5.11,-0.95,,4,2,,7,1,,3,8,,1609,1504,,840,574,1246,.461,204,553,.369,257,327,.786,210,733,307,113,58,229,313
294,Stonehill,22,2,20,.091,-20.22,-3.89,,0,7,,2,5,,0,15,,1384,1700,,885,499,1283,.389,183,596,.307,203,294,.690,180,717,245,162,54,309,351
295,Stony Brook,20,10,10,.500,-4.78,-1.30,,3,4,,7,3,,3,7,,1419,1444,,810,511,1200,.426,150,449,.334,247,350,.706,210,722,230,133,65,215,301
296,Syracuse,19,13,6,.684,9.19,8.80,,4,4,,9,1,,2,3,,1431,1375,,760,516,1165,.443,129,400,.323,270,369,.732,191,703,258,170,92,236,292
297,Tarleton State,19,12,7,.632,-2.27,0.48,,5,3,,6,2,,4,5,,1337,1266,,760,507,1145,.443,91,320,.284,232,320,.725,234,665,241,167,64,225,331
298,TCU,19,14,5,.737,16.00,2.37,,3,3,,9,1,,3,2,,1567,1308,,765,572,1174,.487,119,350,.340,304,420,.724,240,741,346,181,77,250,326
299,Temple,20,8,12,.400,-3.02,0.82,,1,6,,4,5,,2,4,,1409,1452,,815,477,1256,.380,170,561,.303,285,393,.725,246,740,226,157,50,211,320
300,Tennessee,18,14,4,.778,22.61,9.17,,4,1,,10,0,,2,2,,1435,1193,,720,499,1113,.448,155,459,.338,282,368,.766,217,714,311,151,88,199,314
301,Tennessee State,20,11,9,.550,-6.64,-5.26,,4,3,,8,1,,2,7,,1517,1424,,805,539,1200,.449,149,436,.342,290,386,.751,211,709,254,130,63,253,375
302,Tennessee Tech,20,7,13,.350,-14.73,-4.21,,2,5,,5,4,,2,9,,1381,1515,,805,499,1097,.455,129,403,.320,254,357,.711,117,623,241,98,57,240,280
303,Tennessee-Martin,20,11,9,.550,-6.97,-4.72,,4,3,,7,2,,4,6,,1641,1570,,810,584,1301,.449,171,484,.353,302,400,.755,197,821,268,135,51,245,286
304,Texas,19,14,5,.737,13.97,3.92,,3,3,,10,2,,2,2,,1464,1273,,760,535,1104,.485,146,386,.378,248,335,.740,193,679,297,129,93,234,321
305,Texas A&M,19,12,7,.632,13.52,7.62,,3,3,,7,2,,3,3,,1408,1296,,765,477,1223,.390,129,486,.265,325,465,.699,355,834,218,144,55,185,311
306,Texas A&M-Commerce,18,7,11,.389,-10.88,1.19,,1,4,,5,3,,2,8,,1315,1317,,730,481,1108,.434,171,541,.316,182,265,.687,170,587,285,158,98,221,331
307,Texas A&M-Corpus Christi,19,11,8,.579,-5.26,-3.40,,4,2,,7,2,,4,5,,1439,1268,,770,525,1217,.431,104,376,.277,285,415,.687,266,789,288,184,56,234,406
308,Texas Southern,17,5,12,.294,-10.08,-0.71,,3,3,,2,2,,2,9,,1123,1237,,680,413,1069,.386,116,392,.296,181,269,.673,202,616,190,116,75,205,318
309,Texas State,20,7,13,.350,-6.57,0.82,,1,7,,3,4,,4,7,,1397,1439,,800,510,1150,.443,96,302,.318,281,406,.692,233,726,251,128,71,271,369
310,Texas Tech,18,15,3,.833,15.30,4.80,,4,1,,11,0,,1,2,,1381,1192,,725,477,1037,.460,156,425,.367,271,350,.774,185,638,268,110,59,189,235
311,Texas-Rio Grande Valley,20,6,14,.300,-10.16,-0.60,,2,7,,5,5,,1,7,,1482,1584,,810,509,1172,.434,110,367,.300,354,513,.690,209,702,275,172,73,306,388
312,The Citadel,20,9,11,.450,-4.94,-3.53,,1,6,,5,4,,2,7,,1426,1374,,800,512,1123,.456,132,393,.336,270,372,.726,207,732,225,108,57,241,273
313,Toledo,19,12,7,.632,2.05,-0.32,,6,1,,7,2,,5,2,,1495,1450,,760,533,1138,.468,116,316,.367,313,411,.762,197,634,242,139,45,207,295
314,Towson,20,12,8,.600,0.64,-0.20,,5,2,,9,0,,3,3,,1353,1286,,815,479,1137,.421,132,390,.338,263,421,.625,303,792,221,123,86,248,331
315,Troy,20,12,8,.600,0.92,-2.20,,6,2,,11,1,,1,7,,1596,1386,,815,541,1236,.438,181,508,.356,333,457,.729,272,792,296,204,63,277,381
316,Tulane,19,12,7,.632,5.90,0.74,,3,4,,9,2,,2,3,,1633,1510,,775,545,1108,.492,153,419,.365,390,528,.739,119,628,277,171,79,207,318
317,Tulsa,18,10,8,.556,0.67,-3.15,,1,5,,10,2,,0,5,,1398,1292,,730,466,1060,.440,151,445,.339,315,429,.734,180,663,240,153,62,250,310
318,UAB,19,12,7,.632,1.29,1.68,,4,2,,8,3,,3,3,,1455,1426,,770,504,1145,.440,108,354,.305,339,459,.739,251,731,241,131,83,216,299
319,UC Davis,19,12,7,.632,1.51,-2.44,,7,1,,8,3,,3,4,,1385,1260,,770,465,1043,.446,144,404,.356,311,437,.712,202,657,243,151,71,273,375
320,UC Irvine,20,14,6,.700,8.73,1.47,,7,1,,7,0,,4,6,,1508,1310,,805,555,1179,.471,122,338,.361,276,371,.744,197,751,330,138,71,247,373
321,UC Riverside,21,8,13,.381,-5.31,0.42,,3,6,,7,2,,0,11,,1443,1499,,841,519,1320,.393,174,557,.312,231,332,.696,259,770,284,113,34,198,360
322,UC San Diego,20,13,7,.650,3.15,-1.40,,7,1,,9,1,,4,5,,1521,1349,,805,528,1153,.458,175,492,.356,290,379,.765,180,688,258,132,61,197,311
323,UC Santa Barbara,19,12,7,.632,0.09,-3.26,,5,4,,7,3,,4,4,,1494,1375,,765,536,1043,.514,125,323,.387,297,413,.719,164,707,281,80,68,261,305
324,UCLA,19,8,11,.421,5.09,5.98,,3,5,,5,4,,2,4,,1239,1227,,760,438,1045,.419,90,300,.300,273,381,.717,196,656,225,117,69,235,371
325,UNC Asheville,21,13,8,.619,-1.40,-0.63,,5,1,,8,1,,2,5,,1711,1561,,850,569,1214,.469,175,473,.370,398,538,.740,215,749,339,127,87,264,377
326,UNC Greensboro,20,15,5,.750,2.12,-1.55,,6,1,,9,0,,3,5,,1550,1374,,810,566,1206,.469,201,509,.395,217,307,.707,199,745,312,136,48,209,346
327,UNC Wilmington,19,14,5,.737,2.56,-0.31,,5,2,,6,0,,7,4,,1541,1351,,765,528,1141,.463,162,452,.358,323,425,.760,190,657,231,126,48,165,338
328,UT Arlington,19,9,10,.474,-1.49,2.93,,4,4,,8,1,,0,9,,1409,1416,,760,468,1100,.425,169,498,.339,304,427,.712,238,723,298,129,70,302,375
329,Utah,20,14,6,.700,17.74,8.84,,5,4,,11,0,,1,4,,1579,1401,,800,585,1236,.473,177,477,.371,232,351,.661,208,790,349,129,89,230,314
330,Utah State,19,17,2,.895,14.13,3.25,,5,1,,9,0,,4,2,,1561,1292,,765,570,1140,.500,114,353,.323,307,427,.719,209,723,332,141,83,217,322
331,Utah Tech,19,7,12,.368,-8.60,-0.60,,3,5,,3,3,,4,9,,1317,1449,,770,463,1059,.437,126,369,.341,265,413,.642,184,659,247,127,90,304,394
332,Utah Valley,20,9,11,.450,-2.17,1.44,,4,5,,7,1,,1,9,,1372,1394,,805,476,1126,.423,92,351,.262,328,467,.702,191,698,281,154,74,248,366
333,UTEP,20,11,9,.550,-2.52,-0.52,,2,3,,10,2,,0,6,,1489,1395,,800,508,1117,.455,108,348,.310,365,525,.695,212,650,266,237,64,297,403
334,UTSA,20,8,12,.400,-6.67,-2.14,,2,5,,6,5,,2,7,,1617,1670,,820,543,1295,.419,202,589,.343,329,457,.720,261,810,294,100,86,236,388
335,Valparaiso,20,6,14,.300,-6.23,-0.07,,2,7,,5,6,,1,8,,1359,1437,,800,490,1198,.409,138,428,.322,241,335,.719,213,698,242,121,76,235,326
336,Vanderbilt,18,5,13,.278,-0.51,4.22,,0,5,,5,6,,0,4,,1210,1295,,720,414,1037,.399,122,431,.283,260,368,.707,187,641,176,116,53,199,276
337,Vermont,20,15,5,.750,1.78,-2.89,,5,0,,8,1,,5,3,,1470,1286,,805,542,1139,.476,185,506,.366,201,287,.700,152,686,281,107,66,183,270
338,Villanova,19,11,8,.579,14.52,8.57,,4,4,,6,3,,2,4,,1377,1264,,775,460,1094,.420,173,530,.326,284,348,.816,191,688,225,104,40,191,297
339,Virginia,19,14,5,.737,10.74,3.52,,5,3,,11,0,,1,4,,1238,1101,,765,465,1052,.442,122,342,.357,186,287,.648,169,632,296,154,93,163,248
340,Virginia Commonwealth,19,12,7,.632,8.62,2.04,,4,2,,9,5,,2,0,,1403,1278,,765,472,1037,.455,159,442,.360,300,388,.773,185,693,271,118,94,244,318
341,VMI,20,4,16,.200,-18.54,-3.07,,1,6,,4,5,,0,9,,1413,1588,,805,529,1209,.438,151,435,.347,204,310,.658,206,770,229,108,51,332,347
342,Virginia Tech,19,12,7,.632,11.79,6.21,,4,4,,9,1,,1,4,,1403,1297,,760,476,1031,.462,157,435,.361,294,368,.799,151,635,287,106,52,239,301
343,Wagner,18,9,9,.500,-11.62,-7.62,,3,3,,5,2,,4,7,,1143,1123,,725,407,1042,.391,135,411,.328,194,279,.695,201,639,236,118,37,178,272
344,Wake Forest,19,13,6,.684,14.14,4.56,,5,3,,11,0,,1,4,,1524,1342,,770,531,1128,.471,166,435,.382,296,371,.798,164,662,234,113,86,212,296
345,Washington,20,11,9,.550,11.28,7.88,,3,6,,8,3,,2,4,,1606,1538,,815,575,1234,.466,149,439,.339,307,426,.721,207,729,288,111,84,242,391
346,Washington State,20,14,6,.700,13.57,4.67,,5,4,,10,1,,2,3,,1513,1335,,805,558,1172,.476,128,372,.344,269,391,.688,210,763,255,106,110,211,348
347,Weber State,20,12,8,.600,3.38,-1.27,,3,4,,8,1,,3,5,,1516,1290,,805,521,1123,.464,167,470,.355,307,398,.771,160,673,263,122,31,195,282
348,West Virginia,19,7,12,.368,4.27,8.59,,2,4,,7,5,,0,3,,1299,1381,,765,438,1064,.412,130,402,.323,293,401,.731,182,663,241,85,69,229,282
349,Western Carolina,20,15,5,.750,1.15,-2.79,,4,3,,7,2,,8,3,,1512,1338,,805,559,1223,.457,159,460,.346,235,340,.691,217,819,226,84,77,209,336
350,Western Illinois,20,13,7,.650,-7.37,-4.87,,6,1,,7,2,,6,5,,1415,1310,,810,517,1179,.439,120,365,.329,261,429,.608,297,875,261,108,124,277,303
351,Western Kentucky,20,14,6,.700,-0.56,-2.85,,3,3,,9,0,,4,4,,1611,1502,,801,596,1275,.467,137,407,.337,282,412,.684,219,809,277,157,64,290,381
352,Western Michigan,19,8,11,.421,-6.49,-2.27,,5,2,,4,4,,2,7,,1416,1436,,770,520,1141,.456,154,424,.363,222,362,.613,238,727,268,101,46,256,335
353,Wichita State,19,8,11,.421,1.73,4.18,,0,6,,6,3,,1,5,,1385,1399,,760,524,1170,.448,119,384,.310,218,322,.677,226,775,214,111,91,248,283
354,William & Mary,20,7,13,.350,-12.02,-6.13,,2,5,,6,3,,1,8,,1448,1450,,805,485,1135,.427,180,549,.328,298,418,.713,192,711,253,92,31,223,347
355,Winthrop,22,14,8,.636,-0.06,-2.85,,5,2,,9,2,,5,6,,1736,1537,,905,565,1216,.465,173,483,.358,433,610,.710,241,803,271,150,58,295,382
356,Wisconsin,20,16,4,.800,18.62,9.52,,8,1,,11,1,,3,3,,1519,1337,,800,531,1114,.477,139,385,.361,318,410,.776,199,679,251,119,34,196,301
357,Wofford,20,11,9,.550,-5.21,-1.15,,4,3,,7,1,,4,5,,1539,1520,,815,565,1222,.462,190,531,.358,219,352,.622,206,751,302,72,57,227,319
358,Wright State,21,11,10,.524,0.44,-1.56,,6,4,,6,3,,3,6,,1812,1708,,845,690,1284,.537,135,352,.384,297,390,.762,179,714,340,124,63,237,331
359,Wyoming,19,10,9,.526,-1.17,4.36,,3,3,,7,1,,0,7,,1398,1423,,760,466,1024,.455,142,359,.396,324,430,.753,190,654,224,101,56,280,297
360,Xavier,19,10,9,.526,15.07,9.97,,4,4,,8,4,,1,4,,1459,1362,,760,523,1184,.442,134,382,.351,279,380,.734,237,764,320,128,75,220,331
361,Yale,18,12,6,.667,3.18,-0.44,,3,0,,4,1,,6,4,,1372,1206,,735,516,1115,.463,128,377,.340,212,288,.736,196,689,261,114,66,180,264
362,Youngstown State,21,15,6,.714,2.06,-3.95,,7,3,,10,1,,5,5,,1716,1455,,840,629,1357,.464,195,573,.340,263,347,.758,259,844,342,132,106,237,328
