Rk,School,Pace,ORtg,FTr,3PAr,TS%,TRB%,AST%,STL%,BLK%,eFG%,TOV%,ORB%,FT/FGA
1,Abilene Christian,69.7,-2.8999999999999915,-0.059,0.043,-0.0169999999999999,-2.0,7.200000000000003,3.3999999999999995,-2.0,-0.013,-1.0,-0.8999999999999986,-0.0439999999999999
2,Air Force,68.9,-6.299999999999997,0.036,-0.123,-0.021,-3.4000000000000057,-4.0,-0.7000000000000011,-5.5,-0.025,-0.0999999999999978,-3.5,0.016
3,Akron,69.2,12.400000000000006,-0.005,0.174,0.061,-0.2000000000000028,10.1,-0.7000000000000002,2.1000000000000005,0.069,-0.8000000000000007,-1.0,-0.001
4,Alabama,66.1,-2.299999999999997,0.0159999999999999,0.0939999999999999,0.022,-5.0,-1.1000000000000014,0.0999999999999996,4.5,0.0299999999999999,2.0,-6.300000000000001,-0.001
5,Alabama A&M,65.7,-3.6000000000000085,-0.005,0.0419999999999999,-0.027,-1.2000000000000028,5.400000000000006,-0.5,-2.3999999999999995,-0.036,0.7000000000000011,0.1000000000000014,0.005
6,Alabama State,69.5,-4.1000000000000085,-0.1149999999999999,0.011,-0.046,-0.7999999999999972,-2.799999999999997,-0.1999999999999993,0.7999999999999989,-0.0519999999999999,-1.5,1.8000000000000007,-0.0639999999999999
7,Albany (NY),67.8,13.899999999999991,0.1679999999999999,-0.078,0.05,10.799999999999995,-2.1000000000000014,1.7000000000000002,-5.9,0.027,-1.0000000000000018,9.200000000000005,0.146
8,Alcorn State,66.5,-7.299999999999997,0.014,-0.0189999999999999,-0.047,1.5999999999999943,-11.9,-3.5,1.9000000000000004,-0.0509999999999999,2.3000000000000007,3.0,0.0
9,American,62.0,-12.899999999999991,-0.084,0.083,-0.023,-6.400000000000006,5.900000000000006,-2.5,-1.8999999999999997,-0.026,3.5,-6.699999999999999,-0.046
10,Appalachian State,70.8,-9.600000000000009,-0.007,0.145,-0.03,-0.5999999999999943,6.100000000000001,-3.2,-3.3000000000000007,-0.04,4.100000000000001,0.6000000000000014,0.003
11,Arizona,69.8,16.200000000000003,0.145,-0.019,0.0779999999999999,13.0,3.0,-0.9000000000000004,2.9000000000000004,0.074,1.5999999999999996,10.2,0.107
12,Arizona State,69.8,-1.0,-0.003,0.045,-0.035,0.7999999999999972,-7.300000000000004,-0.7000000000000011,-5.6000000000000005,-0.039,-1.6000000000000014,3.6999999999999993,-0.007
13,Arkansas,71.3,4.799999999999997,-0.0519999999999999,-0.0759999999999999,-0.005,0.0,3.0,2.9000000000000004,4.100000000000001,-0.001,-3.8000000000000007,0.8999999999999986,-0.0389999999999999
14,Arkansas State,72.7,-3.0999999999999943,0.0309999999999999,-0.065,0.012,-0.5999999999999943,-0.8999999999999986,-1.5999999999999996,3.6000000000000005,0.0,2.0,-2.5,0.0449999999999999
15,Arkansas-Pine Bluff,65.3,-21.0,-0.236,0.06,-0.07,-10.799999999999995,-12.0,-1.5999999999999996,1.4000000000000004,-0.0419999999999999,3.8000000000000007,-9.7,-0.197
16,Army,72.2,2.6000000000000085,-0.003,0.1419999999999999,0.009,4.200000000000003,10.6,-2.8999999999999995,-0.8999999999999986,0.007,1.3000000000000007,4.600000000000001,0.005
17,Auburn,72.5,-10.200000000000005,0.0089999999999999,0.084,-0.038,-5.599999999999994,-4.199999999999996,-0.9000000000000004,-1.5,-0.032,1.1999999999999993,-4.399999999999999,-0.021
18,Austin Peay,70.5,-1.0,0.148,-0.074,-0.009,3.5999999999999943,-2.0,-0.1000000000000014,0.0,-0.015,0.6000000000000014,3.5,0.088
19,Ball State,66.2,6.0,-0.026,0.069,0.045,3.4000000000000057,9.4,-1.5999999999999996,3.2,0.0579999999999999,2.5,1.6999999999999993,-0.022
20,Baylor,67.6,10.899999999999991,-0.001,-0.06,0.01,11.200000000000005,-8.100000000000009,2.0,1.799999999999999,0.008,-2.1000000000000014,11.900000000000002,0.009
21,Belmont,72.8,5.5,-0.015,0.155,0.0699999999999999,-1.4000000000000057,11.4,-3.6000000000000005,-4.6000000000000005,0.0829999999999999,2.9000000000000004,-4.599999999999998,-0.009
22,Bethune-Cookman,68.2,-3.299999999999997,-0.027,0.0579999999999999,-0.012,-3.0,-11.200000000000005,1.1000000000000003,7.800000000000001,-0.013,0.9000000000000004,-2.6000000000000014,-0.017
23,Binghamton,67.4,-11.400000000000006,0.018,0.009,-0.045,-4.0,-1.6000000000000014,-2.5,-1.9000000000000004,-0.0529999999999999,2.1000000000000014,-3.1999999999999997,0.009
24,Boise State,70.5,10.299999999999995,0.048,0.0449999999999999,0.015,2.5999999999999943,1.7000000000000028,1.799999999999999,-4.000000000000001,0.012,-4.200000000000001,3.6000000000000014,0.0379999999999999
25,Boston College,67.0,-13.799999999999995,-0.1119999999999999,0.0679999999999999,-0.056,-8.400000000000006,-1.5,-2.5,-2.5,-0.049,1.1000000000000014,-6.899999999999999,-0.086
26,Boston University,69.4,0.7999999999999972,0.0239999999999999,0.025,0.031,1.4000000000000057,-2.3999999999999986,-0.5,2.299999999999999,0.029,2.599999999999998,-0.5999999999999979,0.0279999999999999
27,Bowling Green State,69.4,-2.4000000000000057,0.052,-0.083,-0.005,1.2000000000000028,2.5,0.0999999999999996,1.5999999999999996,-0.005,1.0,0.5,0.022
28,Bradley,67.3,-20.5,-0.124,0.0449999999999999,-0.063,-1.7999999999999972,-5.699999999999996,-4.9,-2.1000000000000005,-0.065,7.199999999999999,-1.400000000000002,-0.0829999999999999
29,Brigham Young,74.0,14.599999999999994,0.0289999999999999,-0.016,0.045,6.0,1.7000000000000028,1.8000000000000007,2.5,0.053,-2.1,5.899999999999999,0.0119999999999999
30,Brown,70.5,-5.700000000000003,0.012,0.038,0.0,-3.4000000000000057,6.399999999999999,-3.3000000000000007,0.3999999999999986,-0.004,2.599999999999998,-4.699999999999999,0.014
31,Bryant,68.4,-16.099999999999994,-0.0449999999999999,-0.062,-0.049,-7.400000000000006,-2.1000000000000014,-1.9000000000000004,-2.1999999999999997,-0.039,3.3999999999999986,-7.300000000000001,-0.056
32,Bucknell,71.5,7.1000000000000085,0.023,-0.002,0.0429999999999999,3.200000000000003,1.3999999999999986,-0.5999999999999996,-3.0,0.04,0.7999999999999989,1.6999999999999993,0.0339999999999999
33,Buffalo,72.6,3.0,0.0369999999999999,0.01,0.008,3.4000000000000057,-2.3999999999999986,1.7000000000000002,0.2999999999999989,0.006,0.0999999999999996,3.500000000000004,0.0239999999999999
34,Butler,69.8,12.799999999999995,0.035,-0.0579999999999999,0.0309999999999999,4.599999999999994,0.3999999999999986,3.200000000000001,-1.6999999999999993,0.029,-3.899999999999999,4.800000000000001,0.0329999999999999
35,Cal Poly,67.8,-4.099999999999994,-0.038,0.0579999999999999,-0.04,-0.4000000000000057,-1.1000000000000014,0.6000000000000005,-0.6000000000000014,-0.04,-1.1000000000000014,2.3000000000000007,-0.033
36,Cal State Bakersfield,68.4,13.200000000000005,-0.0489999999999999,-0.073,0.03,5.599999999999994,10.299999999999995,3.8,6.6,0.0459999999999999,-4.000000000000002,5.600000000000001,-0.0459999999999999
37,Cal State Fullerton,70.0,-5.799999999999997,0.0569999999999999,-0.0439999999999999,-0.026,1.0,-14.4,-0.7000000000000002,-6.0,-0.0299999999999999,1.8000000000000007,1.6000000000000014,0.0249999999999999
38,Cal State Northridge,71.4,-5.400000000000006,0.08,-0.084,-0.018,-2.799999999999997,-1.0,0.3000000000000007,-0.7999999999999989,-0.035,0.5,-3.400000000000002,0.069
39,California,68.2,10.900000000000006,0.0419999999999999,0.072,0.061,9.0,1.5,-1.3999999999999997,3.1000000000000005,0.079,3.0,7.300000000000001,0.009
40,Campbell,70.0,0.2000000000000028,0.0329999999999999,0.089,0.006,-6.799999999999997,0.7999999999999972,1.6999999999999993,-1.3999999999999997,-0.004,-1.6999999999999993,-6.899999999999999,0.0389999999999999
41,Canisius,68.9,-2.6000000000000085,-0.021,0.0309999999999999,-0.0499999999999999,-4.799999999999997,-3.899999999999999,1.0,-2.1,-0.059,-3.5,-1.7999999999999972,-0.0089999999999999
42,Central Arkansas,73.7,-11.299999999999995,0.0319999999999999,-0.0569999999999999,-0.0419999999999999,0.7999999999999972,-4.200000000000003,-2.1,-0.4000000000000003,-0.039,3.3000000000000007,1.5,-0.003
43,Central Connecticut State,68.9,-18.8,0.006,-0.045,-0.075,-2.4000000000000057,-2.700000000000003,-3.8,-0.3000000000000007,-0.086,4.300000000000001,-0.4000000000000021,0.0
44,Central Florida,68.3,-4.1000000000000085,0.122,0.042,0.029,3.4000000000000057,-2.1000000000000014,-4.200000000000001,2.0,0.021,6.999999999999998,0.8000000000000007,0.084
45,Central Michigan,67.4,4.200000000000003,-0.023,0.124,0.019,-3.4000000000000057,2.3999999999999986,0.6000000000000005,-0.7000000000000002,0.02,-1.799999999999999,-3.3999999999999986,-0.008
46,Charleston Southern,70.0,-5.0,-0.082,0.063,-0.039,-2.200000000000003,-3.3999999999999986,-0.9999999999999992,-5.800000000000001,-0.023,-0.200000000000001,0.6000000000000014,-0.085
47,Charlotte,72.1,-2.0,0.023,0.0,-0.0349999999999999,-0.2000000000000028,6.699999999999996,0.7000000000000002,-3.0,-0.038,-2.0,2.099999999999998,0.008
48,Chattanooga,68.1,12.0,0.1159999999999999,0.01,0.0379999999999999,4.599999999999994,5.200000000000003,1.9000000000000004,2.4000000000000004,0.024,-2.3000000000000007,4.0,0.1019999999999999
49,Chicago State,72.0,-14.700000000000005,-0.145,-0.0429999999999999,-0.0929999999999999,-4.599999999999994,-17.699999999999996,1.3999999999999986,-1.3999999999999986,-0.093,-0.8000000000000007,-1.6000000000000014,-0.1019999999999999
50,Cincinnati,65.5,14.800000000000011,0.062,0.014,0.041,6.400000000000006,9.0,4.0,6.800000000000001,0.0369999999999999,-3.5,6.100000000000001,0.05
51,Clemson,63.7,8.0,0.048,0.0549999999999999,0.03,0.7999999999999972,2.700000000000003,1.0999999999999996,5.799999999999999,0.027,-1.8000000000000007,0.1999999999999993,0.0389999999999999
52,Cleveland State,65.9,-10.5,-0.144,-0.0449999999999999,-0.051,-2.799999999999997,-12.700000000000005,-0.2999999999999989,-0.3000000000000007,-0.0509999999999999,1.099999999999998,-1.599999999999998,-0.088
53,Coastal Carolina,68.3,9.5,0.063,-0.0389999999999999,0.053,4.799999999999997,-3.6000000000000014,-0.0999999999999996,2.1,0.0539999999999999,1.5999999999999996,3.200000000000003,0.0449999999999999
54,Colgate,65.4,-2.5999999999999943,-0.123,0.0569999999999999,-0.011,-4.599999999999994,1.0,0.8999999999999986,-4.1000000000000005,-0.002,-0.6999999999999993,-3.6000000000000014,-0.0869999999999999
55,College of Charleston,65.2,5.299999999999997,-0.0959999999999999,0.0,-0.006,1.5999999999999943,2.5,2.8000000000000007,-1.799999999999999,0.0,-2.6999999999999997,3.3999999999999986,-0.06
56,Colorado,70.8,7.0,0.047,0.027,0.028,11.400000000000006,11.4,-3.2,0.5,0.018,2.3000000000000007,10.699999999999996,0.0519999999999999
57,Colorado State,69.3,3.0999999999999943,0.072,0.0379999999999999,-0.009,7.200000000000003,0.5999999999999943,-3.1,-2.6000000000000005,-0.016,0.7000000000000011,8.700000000000003,0.0499999999999999
58,Columbia,66.7,11.399999999999991,0.031,0.065,0.0329999999999999,3.5999999999999943,3.700000000000003,2.500000000000001,0.4000000000000003,0.029,-2.9000000000000004,4.0,0.034
59,Connecticut,66.1,14.299999999999995,-0.0579999999999999,-0.0259999999999999,0.074,2.200000000000003,-0.3000000000000042,1.0999999999999996,4.6,0.071,-1.4000000000000004,-0.5,0.0009999999999999
60,Coppin State,71.4,-11.300000000000011,-0.0459999999999999,0.0479999999999999,-0.064,-5.799999999999997,-5.299999999999997,-0.1000000000000005,-2.8999999999999995,-0.085,-0.8000000000000007,-3.6000000000000014,-0.005
61,Cornell,72.7,-9.799999999999995,-0.0249999999999999,0.0509999999999999,-0.03,-13.599999999999994,-16.9,3.0,-1.0999999999999996,-0.018,-0.6999999999999993,-12.900000000000002,-0.046
62,Creighton,72.1,10.099999999999994,0.0399999999999999,0.0479999999999999,0.0449999999999999,2.799999999999997,4.0,-0.5,-0.8999999999999995,0.048,-1.200000000000001,1.1999999999999993,0.0289999999999999
63,Dartmouth,69.1,0.0999999999999943,-0.0469999999999999,-0.121,-0.024,3.5999999999999943,-1.0,0.1000000000000014,-6.199999999999999,-0.037,-1.0,4.800000000000001,-0.009
64,Davidson,71.2,1.3999999999999917,0.027,0.088,0.01,-5.799999999999997,6.5,-1.2999999999999998,-1.7000000000000002,0.001,-1.3000000000000007,-5.399999999999999,0.038
65,Dayton,68.6,9.5,0.0799999999999999,-0.018,0.046,6.400000000000006,2.6000000000000014,1.5999999999999996,4.199999999999999,0.047,0.4000000000000003,4.5,0.053
66,Delaware,67.4,-14.0,0.1029999999999999,-0.1609999999999999,-0.05,1.4000000000000057,-14.699999999999996,-4.000000000000001,-1.3000000000000007,-0.065,3.6000000000000014,1.6000000000000014,0.0629999999999999
67,Delaware State,67.3,-16.400000000000006,-0.111,-0.0369999999999999,-0.06,-10.400000000000006,-8.699999999999996,-0.6999999999999993,-0.1999999999999993,-0.0469999999999999,1.3000000000000007,-9.5,-0.096
68,Denver,62.7,-0.2000000000000028,-0.068,0.071,0.027,-9.599999999999994,9.699999999999996,1.0999999999999996,-3.0,0.038,-0.6000000000000014,-10.9,-0.047
69,DePaul,68.4,-11.0,-0.083,-0.105,-0.033,1.2000000000000028,-12.9,-2.6999999999999997,1.0,-0.02,3.4000000000000004,0.8000000000000007,-0.083
70,Detroit Mercy,75.7,1.0999999999999943,-0.042,-0.0269999999999999,-0.002,2.799999999999997,-6.399999999999999,0.6999999999999993,1.3999999999999986,0.004,0.0999999999999996,3.099999999999998,-0.035
71,Drake,66.0,-6.6000000000000085,0.042,0.012,0.009,0.5999999999999943,5.399999999999999,-3.5,-6.6,0.002,5.300000000000001,-1.6999999999999993,0.038
72,Drexel,65.6,-11.0,-0.1059999999999999,-0.025,-0.073,-4.0,4.900000000000006,-0.8999999999999995,0.9000000000000004,-0.077,-1.0999999999999996,-0.6999999999999993,-0.073
73,Duke,68.4,12.5,0.152,0.102,0.0539999999999999,-1.0,-3.799999999999997,2.5,0.0,0.042,-2.3000000000000007,-1.3999999999999986,0.121
74,Duquesne,73.6,1.0999999999999943,-0.0359999999999999,0.0459999999999999,0.0349999999999999,2.200000000000003,-9.300000000000004,-2.000000000000001,1.299999999999999,0.047,3.0,-0.0999999999999978,-0.0289999999999999
75,East Carolina,67.0,-5.200000000000003,0.0789999999999999,-0.012,-0.01,-3.0,0.6999999999999957,-0.9000000000000004,-5.0,-0.022,1.1999999999999993,-3.599999999999998,0.061
76,East Tennessee State,71.0,4.900000000000006,-0.03,-0.008,0.025,-0.2000000000000028,-1.2000000000000028,0.5,1.700000000000001,0.034,-0.3000000000000007,-0.6999999999999993,-0.0239999999999999
77,Eastern Illinois,68.3,-3.200000000000003,-0.0489999999999999,0.014,-0.011,-7.400000000000006,-0.1000000000000014,-0.3000000000000007,-0.9000000000000004,0.001,-1.3999999999999986,-6.800000000000001,-0.05
78,Eastern Kentucky,73.4,1.8999999999999917,-0.0179999999999999,0.003,0.032,-4.599999999999994,-4.100000000000001,0.5,0.9000000000000004,0.0329999999999999,0.1999999999999993,-6.300000000000001,-0.001
79,Eastern Michigan,72.5,3.9000000000000057,0.0369999999999999,-0.097,0.01,-2.799999999999997,-15.300000000000004,4.699999999999999,2.6,0.003,-3.3000000000000007,-3.299999999999997,0.0389999999999999
80,Eastern Washington,70.4,6.399999999999992,-0.017,0.192,0.03,-1.2000000000000028,-5.299999999999997,0.200000000000001,-1.5999999999999996,0.0379999999999999,-0.5,-0.8000000000000007,-0.014
81,Elon,71.7,0.7000000000000028,-0.014,0.15,0.017,-1.4000000000000057,11.6,-1.3000000000000007,-6.9,0.021,1.4000000000000004,-1.5,-0.011
82,Evansville,68.9,12.900000000000006,0.174,-0.074,0.0789999999999999,4.400000000000006,16.6,-0.6999999999999993,2.1999999999999997,0.077,0.0,-0.1999999999999993,0.122
83,Fairfield,72.2,-1.0,-0.015,0.0539999999999999,0.019,-7.799999999999997,7.200000000000003,0.9000000000000004,2.6,0.017,-0.3000000000000007,-9.3,0.005
84,Fairleigh Dickinson,72.4,-1.7999999999999972,-0.14,-0.0429999999999999,-0.014,-7.400000000000006,-5.300000000000004,1.700000000000001,-1.3999999999999997,-0.005,-2.6999999999999997,-6.799999999999997,-0.097
85,Florida,70.1,7.799999999999997,0.038,0.0489999999999999,0.013,2.5999999999999943,4.0,1.700000000000001,1.5,0.0169999999999999,-2.5,3.3999999999999986,0.014
86,Florida A&M,70.8,-12.599999999999994,0.0489999999999999,-0.001,-0.051,-6.200000000000003,4.100000000000001,-1.4000000000000004,-2.1,-0.0459999999999999,1.5,-4.800000000000001,-0.008
87,Florida Atlantic,68.5,-11.299999999999995,-0.0329999999999999,0.1159999999999999,-0.028,-8.799999999999997,3.800000000000004,-0.9999999999999992,-2.4000000000000004,-0.033,1.5,-8.400000000000002,-0.016
88,Florida Gulf Coast,69.7,9.199999999999989,0.0339999999999999,-0.1089999999999999,0.045,7.0,0.6000000000000014,-0.200000000000001,3.3000000000000007,0.0559999999999999,0.4000000000000003,5.199999999999999,0.0089999999999999
89,Florida International,66.8,1.6000000000000083,0.013,-0.1039999999999999,0.04,3.5999999999999943,-6.100000000000001,-1.3000000000000007,4.6,0.05,4.000000000000002,0.9000000000000021,0.002
90,Florida State,71.8,5.6000000000000085,0.011,-0.0539999999999999,0.01,4.799999999999997,-3.3000000000000043,2.6000000000000005,3.6999999999999993,0.009,-0.8999999999999986,4.4999999999999964,0.009
91,Fordham,68.3,3.6000000000000085,-0.065,0.01,-0.006,2.5999999999999943,-0.5,2.6000000000000014,3.6000000000000014,0.004,-2.3000000000000007,3.599999999999998,-0.0539999999999999
92,Fresno State,70.1,6.200000000000003,-0.066,-0.095,-0.006,0.7999999999999972,-2.700000000000003,5.4,4.500000000000001,0.001,-5.4,1.7000000000000028,-0.0479999999999999
93,Furman,66.3,6.700000000000003,0.0499999999999999,0.0569999999999999,0.027,6.400000000000006,0.8000000000000043,-0.5999999999999996,0.6999999999999993,0.024,0.5,6.0,0.0409999999999999
94,Gardner-Webb,71.0,1.0999999999999943,-0.049,0.029,-0.025,1.5999999999999943,-0.5999999999999943,2.1999999999999997,1.0999999999999996,-0.014,-1.5000000000000018,3.900000000000002,-0.056
95,George Mason,67.7,-7.900000000000006,0.0439999999999999,-0.0359999999999999,-0.03,10.200000000000005,-6.300000000000004,-3.8,-0.1999999999999993,-0.0329999999999999,6.6,10.7,0.017
96,George Washington,67.5,10.600000000000009,0.121,-0.0259999999999999,0.035,7.400000000000006,8.100000000000001,0.3000000000000007,-0.5,0.021,-1.0999999999999996,6.599999999999998,0.0989999999999999
97,Georgetown,69.2,2.5999999999999943,-0.1139999999999999,0.1039999999999999,0.032,1.5999999999999943,6.200000000000003,-1.1000000000000003,3.1999999999999997,0.0459999999999999,2.8000000000000007,-0.0999999999999978,-0.071
98,Georgia,68.2,1.2999999999999972,0.024,-0.08,0.024,4.0,3.1000000000000014,-2.1,4.4,0.0249999999999999,2.9999999999999982,2.599999999999998,0.02
99,Georgia Southern,71.2,2.1000000000000085,-0.0529999999999999,0.0339999999999999,-0.019,-4.200000000000003,-5.200000000000003,3.8000000000000007,-4.9,-0.019,-4.099999999999998,-2.700000000000003,-0.0349999999999999
100,Georgia State,65.1,1.0,-0.0399999999999999,-0.1369999999999999,0.001,-6.200000000000003,-8.600000000000001,2.1,2.0,0.013,-2.900000000000002,-6.300000000000001,-0.0429999999999999
101,Georgia Tech,67.0,3.799999999999997,0.0,-0.0269999999999999,0.008,10.599999999999994,3.700000000000003,-0.5,4.000000000000001,0.007,1.3000000000000007,10.299999999999995,0.003
102,Gonzaga,68.1,19.5,0.059,0.0239999999999999,0.1069999999999999,10.400000000000006,6.5,-1.0,-0.2999999999999998,0.107,1.5999999999999996,6.699999999999996,0.06
103,Grambling,67.2,-8.900000000000006,0.0369999999999999,-0.025,-0.031,-4.799999999999997,-9.700000000000005,0.3000000000000007,-5.699999999999999,-0.0359999999999999,1.0,-4.5,0.0159999999999999
104,Grand Canyon,69.8,11.099999999999994,0.074,-0.067,0.03,5.400000000000006,11.5,0.200000000000001,-1.8999999999999997,0.024,-2.299999999999999,5.299999999999997,0.0629999999999999
105,Green Bay,77.3,4.699999999999989,0.071,-0.028,-0.013,-2.5999999999999943,-2.700000000000003,5.1,1.0999999999999996,-0.011,-5.300000000000001,-0.9000000000000021,0.0269999999999999
106,Hampton,71.7,-0.2999999999999971,0.0539999999999999,0.0139999999999999,-0.021,6.200000000000003,5.0,-0.5999999999999996,-1.3000000000000007,-0.0189999999999999,0.8999999999999986,7.600000000000001,0.013
107,Hartford,69.9,-10.700000000000005,-0.0829999999999999,0.128,-0.026,-16.599999999999994,-2.3999999999999986,2.0,-6.0,-0.04,-1.0,-16.199999999999996,-0.024
108,Harvard,67.1,0.7999999999999972,-0.008,-0.009,0.028,4.200000000000003,9.5,-3.299999999999999,6.5,0.0519999999999999,3.899999999999999,3.0,-0.043
109,Hawaii,71.6,14.5,0.0569999999999999,0.029,0.055,6.0,10.9,2.4000000000000004,2.5,0.067,-2.1999999999999997,5.0,0.0259999999999999
110,High Point,67.7,9.799999999999995,0.0459999999999999,-0.1169999999999999,0.0209999999999999,0.5999999999999943,8.799999999999997,3.999999999999999,0.4000000000000003,0.009,-4.9,0.4000000000000021,0.055
111,Hofstra,70.2,7.0,0.163,0.0549999999999999,0.033,2.799999999999997,4.199999999999996,1.1000000000000003,-2.1,0.02,0.1000000000000014,2.0,0.117
112,Holy Cross,64.6,-7.799999999999997,0.0269999999999999,0.001,-0.0479999999999999,-8.799999999999997,3.699999999999996,1.4000000000000004,-1.8999999999999997,-0.053,-2.299999999999999,-6.399999999999999,0.006
113,Houston,66.3,12.0,-0.016,-0.0279999999999999,0.04,3.0,-3.1000000000000014,1.3000000000000007,1.5,0.049,-2.6,2.4000000000000057,-0.012
114,Houston Christian,72.3,0.9000000000000057,0.095,-0.032,0.0349999999999999,2.4000000000000057,-2.8000000000000043,-2.1,0.0999999999999996,0.033,3.099999999999998,0.2000000000000028,0.067
115,Howard,72.2,-5.199999999999989,0.122,-0.1019999999999999,-0.014,-1.2000000000000028,-13.199999999999996,0.7000000000000002,-0.0999999999999996,-0.0419999999999999,1.3000000000000007,-1.7999999999999972,0.1069999999999999
116,Idaho,67.2,5.200000000000003,0.0249999999999999,-0.121,0.019,10.799999999999995,-1.8999999999999984,-3.000000000000001,0.5,0.013,1.8000000000000007,9.8,0.0319999999999999
117,Idaho State,71.9,-2.700000000000003,0.047,-0.008,0.003,-3.799999999999997,-3.6000000000000014,1.6999999999999993,-2.1999999999999997,-0.008,0.8000000000000007,-4.100000000000001,0.0479999999999999
118,Illinois,68.6,-3.799999999999997,0.0399999999999999,-0.001,-0.024,-8.0,-0.3999999999999986,1.200000000000001,-4.9,-0.034,-3.3000000000000007,-6.600000000000001,0.036
119,Illinois State,67.7,1.5999999999999943,-0.0519999999999999,0.016,-0.007,0.5999999999999943,-0.2999999999999971,0.5999999999999996,2.3000000000000007,-0.002,-1.3999999999999986,1.599999999999998,-0.038
120,Illinois-Chicago,72.7,-14.900000000000006,0.0559999999999999,-0.092,-0.064,1.0,-11.1,-2.200000000000001,1.5999999999999996,-0.062,3.6,1.8999999999999984,0.0
121,Incarnate Word,71.2,0.3000000000000113,0.016,0.0339999999999999,0.007,-4.599999999999994,5.100000000000001,0.6999999999999993,-4.4,-0.015,-0.7000000000000011,-5.200000000000003,0.0519999999999999
122,Indiana,69.1,18.3,0.036,0.0969999999999999,0.0869999999999999,9.799999999999995,8.099999999999994,1.0,1.0,0.0889999999999999,0.3000000000000007,8.100000000000001,0.042
123,Indiana State,70.0,-2.299999999999997,-0.015,0.0489999999999999,-0.018,0.7999999999999972,0.5,-0.5,-2.2,-0.0189999999999999,0.5,2.200000000000003,-0.01
124,Iona,72.5,7.400000000000006,-0.0389999999999999,0.08,0.0419999999999999,-0.5999999999999943,6.600000000000001,2.3000000000000007,2.0,0.05,-0.9999999999999982,-1.8000000000000007,-0.0239999999999999
125,Iowa,69.1,11.900000000000006,0.08,-0.027,0.04,1.2000000000000028,4.300000000000004,1.9999999999999991,4.9,0.033,-3.4000000000000004,0.6999999999999993,0.0659999999999999
126,Iowa State,71.5,9.299999999999995,0.012,-0.005,0.0679999999999999,-0.5999999999999943,2.5,0.8999999999999995,2.700000000000001,0.0729999999999999,-0.4000000000000003,-3.799999999999997,0.0119999999999999
127,IUPUI,70.0,-8.100000000000009,-0.0529999999999999,-0.006,-0.037,-1.7999999999999972,-0.1999999999999957,-1.1999999999999993,-4.500000000000001,-0.038,0.9000000000000021,-0.6000000000000014,-0.037
128,Jackson State,68.3,4.099999999999994,-0.176,-0.002,-0.013,2.799999999999997,-2.299999999999997,2.6,1.1999999999999993,0.016,-3.1000000000000014,5.100000000000001,-0.146
129,Jacksonville,72.2,0.5999999999999943,-0.006,-0.061,-0.011,0.7999999999999972,-6.5,2.2,-0.4000000000000003,-0.015,-1.799999999999999,1.6999999999999993,0.002
130,Jacksonville State,66.6,-6.400000000000006,-0.1029999999999999,0.074,-0.044,-7.799999999999997,3.5999999999999943,0.8999999999999995,0.5,-0.048,-2.3000000000000007,-5.600000000000001,-0.0579999999999999
131,James Madison,67.9,9.399999999999991,0.004,-0.005,0.054,4.599999999999994,-3.1000000000000014,-1.8999999999999997,2.0,0.066,1.4000000000000004,2.6999999999999997,-0.004
132,Kansas,69.7,19.3,0.011,0.0,0.0949999999999999,7.799999999999997,8.0,0.200000000000001,2.1999999999999997,0.1139999999999999,-0.4000000000000003,4.899999999999999,0.003
133,Kansas City,67.7,-4.200000000000003,-0.0579999999999999,-0.0429999999999999,-0.02,0.7999999999999972,-11.1,0.1999999999999993,-0.7999999999999989,-0.005,1.3000000000000007,1.400000000000002,-0.065
134,Kansas State,67.5,3.700000000000003,0.0209999999999999,-0.0519999999999999,-0.01,5.0,-0.8000000000000043,1.0,-2.4000000000000004,-0.014,-1.2000000000000028,6.0,0.0149999999999999
135,Kennesaw State,70.4,-7.300000000000011,-0.0309999999999999,-0.0729999999999999,-0.029,-5.799999999999997,-1.7999999999999972,0.4000000000000003,0.6000000000000005,-0.033,0.4000000000000003,-5.600000000000001,-0.016
136,Kent State,68.1,2.0,0.052,-0.0499999999999999,-0.014,5.799999999999997,-9.099999999999994,-0.0999999999999996,1.9000000000000004,-0.012,-0.4000000000000003,6.800000000000001,0.016
137,Kentucky,68.1,16.599999999999994,-0.0289999999999999,0.014,0.0709999999999999,7.200000000000003,9.4,2.000000000000001,6.6,0.09,-1.6999999999999993,5.599999999999998,-0.0249999999999999
138,La Salle,67.2,-14.0,-0.0429999999999999,0.088,-0.051,-10.200000000000005,-1.8999999999999984,1.8000000000000007,-4.600000000000001,-0.045,0.3999999999999986,-9.1,-0.048
139,Lafayette,69.7,-12.5,-0.0349999999999999,0.021,-0.027,-11.0,2.1000000000000014,-0.7999999999999989,-4.4,-0.024,2.0,-10.599999999999998,-0.035
140,Lamar,73.8,-2.1000000000000085,-0.031,-0.0069999999999999,-0.029,2.0,-5.399999999999999,1.0999999999999996,1.799999999999999,-0.026,-0.5,3.400000000000002,-0.035
141,Lehigh,67.2,2.700000000000003,0.0369999999999999,-0.0459999999999999,0.02,1.7999999999999972,-0.8000000000000043,1.0,-0.6000000000000014,0.018,0.6999999999999993,0.6000000000000014,0.03
142,Liberty,64.8,-5.6000000000000085,-0.1589999999999999,0.1029999999999999,0.003,-5.0,3.3999999999999986,-2.0,-3.4000000000000004,0.013,2.8000000000000007,-5.899999999999999,-0.1039999999999999
143,Lipscomb,73.8,-4.0,-0.012,0.0559999999999999,-0.007,-2.799999999999997,4.599999999999994,-0.5999999999999996,-3.4000000000000004,0.0,0.8000000000000007,-3.0,-0.024
144,Little Rock,64.5,15.700000000000005,-0.0559999999999999,-0.041,0.057,0.2000000000000028,-1.5,4.0,2.0,0.064,-4.9,-0.9000000000000021,-0.0249999999999999
145,Long Beach State,70.7,1.7999999999999972,-0.012,0.008,-0.004,-3.4000000000000057,4.5,1.5,-2.8000000000000007,-0.005,-2.1999999999999997,-2.3999999999999986,-0.006
146,Long Island University,73.0,-1.0,0.0329999999999999,0.004,-0.02,0.2000000000000028,-2.0,2.5,-1.299999999999999,-0.03,-1.3000000000000007,1.1000000000000014,0.0289999999999999
147,Longwood,69.8,-4.599999999999994,-0.0169999999999999,-0.0869999999999999,-0.015,3.200000000000003,-8.100000000000001,-1.3999999999999986,0.9000000000000004,-0.013,2.299999999999999,2.8999999999999986,-0.02
148,Louisiana,71.6,9.399999999999991,0.066,0.041,0.011,10.799999999999995,4.0,1.1000000000000003,-0.4000000000000003,0.007,-0.2999999999999989,11.6,0.0459999999999999
149,Louisiana State,72.9,2.3999999999999915,0.0959999999999999,-0.059,0.0,0.0,6.199999999999996,2.700000000000001,-0.9000000000000004,-0.007,-2.1,0.0,0.0629999999999999
150,Louisiana Tech,72.9,9.299999999999995,0.0869999999999999,0.0199999999999999,0.035,0.4000000000000057,-0.3999999999999986,2.3999999999999995,2.5,0.036,-2.1999999999999997,0.1000000000000014,0.052
151,Louisiana-Monroe,66.5,4.800000000000011,0.013,-0.0559999999999999,0.035,2.200000000000003,6.400000000000006,0.5999999999999996,1.5,0.041,0.5,1.2000000000000028,0.006
152,Louisville,66.4,20.80000000000001,-0.087,-0.063,0.054,9.400000000000006,-3.1000000000000014,2.6000000000000014,7.299999999999999,0.072,-4.5,9.3,-0.058
153,Loyola (IL),65.5,-1.1000000000000083,-0.0239999999999999,-0.007,-0.008,-7.0,-4.299999999999997,0.0,-2.6,-0.01,-2.299999999999997,-6.899999999999999,-0.015
154,Loyola (MD),67.4,-8.199999999999989,-0.0249999999999999,-0.016,-0.035,0.2000000000000028,-7.399999999999999,-0.8999999999999995,-2.1999999999999997,-0.043,1.6000000000000014,0.7999999999999972,-0.0109999999999999
155,Loyola Marymount,68.0,-5.200000000000003,-0.143,-0.044,-0.0599999999999999,-5.0,-3.800000000000004,1.9000000000000004,0.0,-0.056,-3.6999999999999993,-2.099999999999998,-0.104
156,Maine,77.8,-13.799999999999995,-0.06,0.0379999999999999,-0.0689999999999999,-7.0,-4.799999999999997,-0.1999999999999993,-4.5,-0.063,0.1000000000000014,-4.399999999999999,-0.066
157,Manhattan,69.0,-6.299999999999997,-0.07,0.073,-0.0199999999999999,-9.799999999999995,1.3000000000000045,1.6999999999999993,-4.1000000000000005,-0.021,-1.2000000000000028,-9.0,-0.042
158,Marist,69.0,-10.199999999999989,-0.007,0.073,-0.0309999999999999,-8.200000000000003,-5.399999999999999,-2.5,-1.9000000000000004,-0.042,0.8000000000000007,-7.699999999999999,0.006
159,Marquette,72.4,2.799999999999997,0.125,-0.0429999999999999,0.038,0.0,0.0,1.0999999999999996,1.9000000000000004,0.033,1.3000000000000007,-2.599999999999998,0.087
160,Marshall,77.6,1.4000000000000057,-0.0469999999999999,0.153,0.0119999999999999,-4.200000000000003,9.5,0.4000000000000003,-0.2999999999999998,0.019,-0.1999999999999993,-4.299999999999997,-0.035
161,Maryland,67.3,13.399999999999991,0.1139999999999999,0.031,0.0979999999999999,3.799999999999997,4.900000000000006,-0.4000000000000003,5.800000000000001,0.092,2.200000000000001,-0.5,0.1029999999999999
162,Maryland-Baltimore County,70.7,-12.0,0.0339999999999999,-0.002,-0.0609999999999999,-5.799999999999997,-4.0,0.8000000000000007,-3.6999999999999993,-0.0649999999999999,-1.4000000000000004,-4.0,0.004
163,Maryland-Eastern Shore,68.3,-10.0,-0.1109999999999999,-0.03,-0.0299999999999999,2.799999999999997,-2.1000000000000014,-1.0999999999999996,-3.1000000000000005,-0.028,3.599999999999998,2.799999999999997,-0.074
164,Massachusetts,71.8,-3.1999999999999886,-0.037,0.017,-0.001,-4.200000000000003,-2.799999999999997,1.0,-0.0999999999999996,0.008,0.6999999999999993,-4.5,-0.0389999999999999
165,Massachusetts-Lowell,74.3,-8.299999999999997,-0.0479999999999999,0.035,-0.01,-6.799999999999997,5.299999999999997,-1.5999999999999996,-1.8999999999999997,-0.003,2.1999999999999997,-7.600000000000001,-0.042
166,McNeese State,70.5,-10.399999999999991,-0.012,0.0429999999999999,-0.04,-5.400000000000006,-9.0,-0.6000000000000014,1.8999999999999984,-0.049,1.5,-4.5,-0.002
167,Memphis,73.5,8.5,0.0349999999999999,-0.024,0.021,2.799999999999997,6.0,1.3000000000000007,2.4000000000000004,0.012,-2.599999999999998,2.799999999999997,0.0429999999999999
168,Mercer,65.7,4.699999999999989,0.0169999999999999,-0.133,0.019,11.799999999999995,0.5,-2.200000000000001,-2.4000000000000004,0.017,1.8000000000000007,10.4,0.017
169,Miami (FL),66.2,11.799999999999995,0.1159999999999999,0.035,0.0659999999999999,3.4000000000000057,2.299999999999997,1.3000000000000007,2.1999999999999997,0.059,-0.5,1.0,0.096
170,Miami (OH),65.6,-7.400000000000006,-0.018,-0.0959999999999999,-0.052,-4.0,-9.699999999999996,2.0,-1.2000000000000002,-0.0559999999999999,-2.1999999999999997,-2.6000000000000014,-0.0209999999999999
171,Michigan,65.7,9.700000000000005,0.01,0.077,0.0339999999999999,-1.5999999999999943,4.0,2.5,-3.5,0.035,-3.0000000000000018,-1.6000000000000014,0.0109999999999999
172,Michigan State,66.8,23.3,-0.041,0.0309999999999999,0.1109999999999999,16.0,22.599999999999994,-1.3000000000000007,4.300000000000001,0.1299999999999999,2.1999999999999997,12.7,-0.0249999999999999
173,Middle Tennessee,69.1,5.400000000000006,-0.062,0.005,0.008,2.799999999999997,-0.6999999999999957,0.4000000000000003,2.2,0.024,-2.1000000000000014,3.700000000000003,-0.061
174,Milwaukee,68.5,9.799999999999995,0.089,0.118,0.0409999999999999,3.4000000000000057,15.800000000000004,-0.7999999999999998,-2.6999999999999997,0.027,-0.0999999999999996,3.0,0.0899999999999999
175,Minnesota,68.4,-8.700000000000003,0.0289999999999999,0.001,-0.05,-4.599999999999994,-6.100000000000001,-0.0999999999999996,-0.6999999999999993,-0.0579999999999999,-1.0999999999999996,-2.599999999999998,0.014
176,Mississippi,70.0,4.400000000000006,0.0069999999999999,0.003,-0.006,2.799999999999997,-7.100000000000001,1.3999999999999986,-2.6999999999999997,-0.015,-2.9000000000000004,3.5,0.0189999999999999
177,Mississippi State,70.2,3.1000000000000085,-0.068,0.0229999999999999,0.023,-2.200000000000003,1.8000000000000045,0.1999999999999993,1.5999999999999996,0.028,-0.0999999999999996,-3.099999999999998,-0.036
178,Mississippi Valley State,71.3,-16.200000000000003,-0.0389999999999999,-0.1059999999999999,-0.069,-8.599999999999994,-6.799999999999997,0.5,-3.3999999999999995,-0.08,-0.1999999999999993,-7.5,-0.0189999999999999
179,Missouri,69.3,-6.299999999999997,-0.0119999999999999,-0.067,-0.014,-2.0,-6.899999999999999,-0.5,-4.0,-0.018,1.8000000000000007,-3.0,-0.0029999999999999
180,Missouri State,69.1,-7.5,0.046,-0.063,-0.042,-1.0,-5.399999999999999,-0.5,4.5,-0.0499999999999999,0.4000000000000003,0.3000000000000007,0.023
181,Monmouth,73.9,9.599999999999994,0.012,-0.07,0.044,-0.5999999999999943,-4.100000000000001,3.1,-0.0999999999999996,0.0379999999999999,-2.6999999999999997,-2.099999999999998,0.0359999999999999
182,Montana,67.1,7.600000000000008,-0.068,0.011,0.0319999999999999,4.400000000000006,7.700000000000003,-1.6000000000000003,-1.5,0.048,-0.6000000000000014,3.900000000000002,-0.0559999999999999
183,Montana State,70.1,-1.9000000000000057,-0.145,0.0529999999999999,-0.0339999999999999,3.200000000000003,-2.199999999999996,-1.3999999999999997,-5.0,-0.029,-0.0999999999999996,5.700000000000003,-0.098
184,Morehead State,67.5,6.700000000000003,-0.163,-0.0849999999999999,-0.028,7.200000000000003,4.800000000000004,4.3,-2.6,-0.014,-4.1,10.1,-0.127
185,Morgan State,69.1,-6.200000000000003,-0.013,-0.031,-0.056,-5.0,-6.299999999999997,0.5999999999999996,-4.499999999999999,-0.067,-3.3999999999999986,-2.8999999999999986,-0.006
186,Mount St. Mary's,69.7,-2.6999999999999886,-0.098,0.073,-0.05,-12.0,0.5999999999999943,2.1999999999999997,1.4000000000000004,-0.0439999999999999,-6.200000000000001,-8.400000000000002,-0.0769999999999999
187,Murray State,65.6,5.899999999999992,-0.0469999999999999,0.0329999999999999,0.003,2.4000000000000057,6.899999999999999,0.6999999999999993,-0.2000000000000001,0.005,-2.200000000000001,3.700000000000003,-0.0319999999999999
188,Navy,64.9,4.399999999999992,0.0339999999999999,-0.1499999999999999,-0.001,7.0,-2.5999999999999943,-0.4000000000000003,5.0,0.009,-1.0,6.700000000000003,-0.003
189,NC State,68.3,1.1000000000000083,0.092,-0.067,-0.01,5.400000000000006,-8.899999999999999,-2.4000000000000004,1.3000000000000007,-0.021,0.5999999999999996,5.899999999999999,0.066
190,Nebraska,67.1,4.900000000000006,-0.071,-0.019,-0.003,2.799999999999997,-8.600000000000001,3.1000000000000005,-0.1999999999999993,0.002,-2.200000000000001,3.6999999999999993,-0.0469999999999999
191,Nevada,72.3,4.900000000000006,0.0449999999999999,-0.063,0.025,2.5999999999999943,-6.5,1.0999999999999996,6.999999999999999,0.011,0.1999999999999993,1.6999999999999993,0.0579999999999999
192,Nevada-Las Vegas,74.0,6.200000000000003,0.009,0.0539999999999999,0.027,-0.4000000000000057,9.4,2.1999999999999997,3.3000000000000007,0.0349999999999999,-1.1999999999999993,-0.6999999999999993,0.0
193,New Hampshire,68.6,1.8999999999999917,0.0299999999999999,-0.0259999999999999,-0.008,7.200000000000003,6.899999999999999,-2.2,-4.199999999999999,-0.017,0.9000000000000004,8.5,0.0289999999999999
194,New Mexico,72.2,3.6000000000000085,0.068,-0.094,0.0449999999999999,5.400000000000006,-0.2999999999999971,-2.8999999999999995,0.6999999999999993,0.035,3.6999999999999993,1.7999999999999972,0.07
195,New Mexico State,66.6,12.100000000000009,0.0849999999999999,-0.0399999999999999,0.063,13.400000000000006,6.800000000000004,-1.7000000000000002,6.9,0.063,2.6999999999999997,11.0,0.0579999999999999
196,New Orleans,74.0,-3.3999999999999915,0.021,-0.1029999999999999,-0.051,1.2000000000000028,-3.1000000000000014,0.4000000000000003,-3.3000000000000007,-0.0569999999999999,-2.1999999999999997,2.8999999999999986,0.002
197,Niagara,67.3,-10.800000000000011,-0.0149999999999999,-0.0399999999999999,-0.043,1.0,-11.199999999999996,-1.4000000000000004,-2.200000000000001,-0.0409999999999999,3.299999999999999,1.599999999999998,-0.026
198,Nicholls State,71.6,-12.200000000000005,0.0249999999999999,0.0539999999999999,-0.028,-8.0,2.299999999999997,-2.0,1.200000000000001,-0.026,2.8000000000000007,-8.300000000000004,-0.002
199,NJIT,70.7,1.5999999999999943,-0.0199999999999999,0.001,0.017,-2.4000000000000057,3.5,0.5,-4.1000000000000005,0.009,-0.6000000000000014,-3.3999999999999986,0.0109999999999999
200,Norfolk State,68.8,0.0,0.012,-0.009,0.006,-1.2000000000000028,-7.699999999999996,2.1,4.399999999999999,-0.006,-0.6000000000000014,-1.7999999999999972,0.031
201,North Carolina,70.2,18.200000000000003,0.019,-0.0889999999999999,0.048,11.799999999999995,13.599999999999994,1.5999999999999996,5.0,0.045,-3.0,10.799999999999995,0.0289999999999999
202,North Carolina A&T,68.7,-11.799999999999995,-0.1159999999999999,-0.073,-0.049,-1.7999999999999972,-13.9,-1.2000000000000002,-1.0,-0.0549999999999999,1.4999999999999982,-1.0,-0.067
203,North Carolina Central,67.8,-0.6999999999999886,0.009,-0.0499999999999999,-0.01,2.5999999999999943,-2.3999999999999986,0.5,-5.2,-0.007,0.5,2.900000000000002,-0.006
204,North Dakota,72.3,4.5,0.028,-0.092,0.014,0.5999999999999943,-3.199999999999996,2.0,0.7999999999999998,0.004,-1.6000000000000014,-0.4000000000000021,0.04
205,North Dakota State,65.8,6.5,0.027,0.03,0.026,1.5999999999999943,-6.100000000000001,1.0,1.6000000000000003,0.031,-1.3000000000000007,1.099999999999998,0.011
206,North Florida,72.4,6.5,0.0379999999999999,0.2159999999999999,0.0759999999999999,-5.799999999999997,8.199999999999996,-1.3999999999999997,2.6000000000000005,0.0749999999999999,1.4000000000000004,-8.400000000000002,0.043
207,North Texas,71.9,-5.1000000000000085,0.039,-0.035,-0.023,-0.7999999999999972,-5.899999999999999,-0.7000000000000011,-1.4000000000000004,-0.02,1.4000000000000004,-0.0999999999999978,0.003
208,Northeastern,66.0,1.6000000000000083,0.1099999999999999,0.0869999999999999,0.021,-2.200000000000003,6.300000000000004,0.6999999999999993,-2.0,0.005,0.6999999999999993,-2.8000000000000007,0.097
209,Northern Arizona,71.0,-17.700000000000003,0.0179999999999999,-0.01,-0.0769999999999999,-8.400000000000006,0.3000000000000042,-0.0999999999999996,-3.9,-0.088,0.8000000000000007,-6.300000000000001,0.005
210,Northern Colorado,69.9,-8.700000000000003,-0.047,-0.082,-0.0389999999999999,0.2000000000000028,-14.4,0.0,-0.5999999999999996,-0.039,1.700000000000001,0.6000000000000014,-0.0419999999999999
211,Northern Illinois,69.3,7.5,0.005,-0.068,0.014,5.799999999999997,-1.1999999999999955,2.1999999999999997,1.5,0.014,-2.3999999999999986,5.899999999999999,0.008
212,Northern Iowa,64.1,7.400000000000006,0.1,0.0319999999999999,0.0579999999999999,-6.400000000000006,-0.6000000000000014,1.4000000000000004,-1.2000000000000002,0.049,-1.6000000000000014,-9.099999999999998,0.084
213,Northern Kentucky,69.4,-5.6000000000000085,-0.0959999999999999,0.0569999999999999,-0.007,-1.7999999999999972,5.399999999999999,-2.8,-2.9000000000000004,0.01,2.6,-2.3000000000000007,-0.088
214,Northwestern,64.4,9.200000000000005,-0.066,0.0479999999999999,0.039,2.799999999999997,0.3999999999999986,-1.5999999999999996,1.6999999999999993,0.06,-0.5999999999999996,2.1999999999999997,-0.064
215,Northwestern State,75.2,-9.0,0.001,0.019,-0.0099999999999998,-9.0,1.6000000000000014,-2.8999999999999986,-0.7999999999999989,-0.023,1.5,-9.599999999999998,0.0219999999999999
216,Notre Dame,65.0,6.900000000000006,0.069,-0.0009999999999999,0.0479999999999999,2.200000000000003,-3.6000000000000014,0.0999999999999996,1.9000000000000004,0.045,0.6999999999999993,0.5999999999999979,0.0549999999999999
217,Oakland,74.8,10.599999999999994,0.0969999999999999,0.012,0.0499999999999999,3.200000000000003,-0.2000000000000028,1.1999999999999993,-0.1999999999999993,0.035,-1.0,1.900000000000002,0.098
218,Ohio,70.4,5.200000000000003,0.0479999999999999,0.0449999999999999,0.0489999999999999,2.200000000000003,7.200000000000003,-2.1000000000000005,1.8999999999999997,0.048,2.3000000000000007,-0.4000000000000021,0.0439999999999999
219,Ohio State,67.7,3.4000000000000057,0.0559999999999999,-0.0429999999999999,0.026,2.5999999999999943,-5.600000000000001,0.6000000000000005,8.2,0.0279999999999999,1.3999999999999986,1.1999999999999993,0.031
220,Oklahoma,71.0,12.0,0.047,0.0499999999999999,0.0719999999999999,2.799999999999997,9.699999999999996,-0.7999999999999989,3.6999999999999993,0.071,0.7000000000000011,1.0,0.0459999999999999
221,Oklahoma State,65.0,-0.9000000000000057,-0.0259999999999999,0.009,0.019,-1.7999999999999972,4.299999999999997,-1.1999999999999993,2.9000000000000004,0.012,1.8000000000000007,-3.4999999999999964,0.007
222,Old Dominion,62.8,11.100000000000009,-0.0479999999999999,-0.128,0.012,9.0,1.1000000000000014,2.499999999999999,4.700000000000001,0.0239999999999999,-3.1,9.7,-0.045
223,Omaha,76.4,4.5,0.0429999999999999,-0.059,-0.001,-2.200000000000003,-1.6000000000000014,4.1,-1.1999999999999993,-0.003,-2.700000000000001,-1.6999999999999993,0.0279999999999999
224,Oral Roberts,71.2,-1.1999999999999886,0.0529999999999999,-0.042,0.007,0.4000000000000057,1.4000000000000057,-1.0000000000000009,4.000000000000001,0.0,1.0999999999999996,-0.8000000000000007,0.045
225,Oregon,69.5,14.200000000000005,0.092,-0.003,0.045,4.799999999999997,-2.5,3.8000000000000007,7.6,0.04,-3.4999999999999982,3.900000000000002,0.0729999999999999
226,Oregon State,68.4,2.5999999999999943,-0.018,-0.07,0.001,-3.4000000000000057,-4.800000000000004,3.500000000000001,0.0999999999999996,0.007,-2.599999999999998,-3.000000000000004,-0.022
227,Pacific,67.8,-3.200000000000003,-0.1069999999999999,0.002,-0.004,1.2000000000000028,-1.7000000000000028,-2.1999999999999997,-2.2,0.009,2.1000000000000014,0.8000000000000007,-0.083
228,Penn State,66.2,-5.700000000000003,-0.08,0.017,-0.028,-2.0,-7.700000000000003,-0.7999999999999998,3.3000000000000007,-0.0219999999999999,-0.5,-0.8000000000000007,-0.061
229,Pennsylvania,68.4,-5.200000000000003,-0.017,0.0939999999999999,-0.009,-1.4000000000000057,8.200000000000003,-1.5,-4.1,-0.009,2.4000000000000004,-1.7000000000000028,-0.011
230,Pepperdine,68.3,2.800000000000012,0.087,-0.0929999999999999,0.01,1.4000000000000057,4.0,0.6000000000000005,0.9000000000000004,0.005,0.0,1.0,0.058
231,Pittsburgh,66.4,11.600000000000009,0.0269999999999999,-0.035,0.031,10.400000000000006,7.5,-1.1000000000000003,1.6999999999999993,0.018,-0.5,9.9,0.051
232,Portland,72.7,-3.0,-0.0919999999999999,0.032,-0.018,-4.200000000000003,-2.5,1.1000000000000003,0.8000000000000007,-0.017,-1.4000000000000004,-3.5,-0.0549999999999999
233,Portland State,73.2,0.0,0.016,-0.0559999999999999,-0.011,-1.5999999999999943,6.799999999999997,2.299999999999999,3.6000000000000005,-0.007,-1.8999999999999984,-1.1999999999999993,-0.004
234,Prairie View,68.9,-15.400000000000006,-0.1089999999999999,-0.0569999999999999,-0.087,-7.799999999999997,-14.6,0.8999999999999986,-3.5,-0.09,-1.1999999999999993,-5.599999999999998,-0.081
235,Presbyterian,69.8,-7.699999999999989,-0.027,-0.127,-0.032,-3.200000000000003,-6.600000000000001,-0.5,-4.5,-0.04,0.8000000000000007,-2.900000000000002,-0.008
236,Princeton,69.4,15.0,0.029,0.14,0.0599999999999999,4.0,8.399999999999999,2.1,-3.0,0.06,-1.900000000000002,3.0,0.034
237,Providence,69.8,5.0,0.0929999999999999,0.0399999999999999,-0.001,-1.2000000000000028,11.799999999999995,0.9000000000000004,0.0999999999999996,-0.013,-3.9,0.1999999999999993,0.069
238,Purdue,67.8,18.5,0.0729999999999999,0.0269999999999999,0.0929999999999999,14.599999999999994,13.599999999999994,-3.0,3.999999999999999,0.093,2.9000000000000004,11.599999999999998,0.066
239,Purdue Fort Wayne,70.4,4.799999999999997,0.032,0.074,0.0249999999999999,2.799999999999997,7.899999999999999,-0.2999999999999989,-0.4000000000000003,0.022,0.9000000000000004,2.6999999999999997,0.032
240,Quinnipiac,69.7,-7.599999999999994,-0.121,0.0339999999999999,-0.0519999999999999,7.0,0.2000000000000028,-4.1,2.0,-0.037,2.6000000000000014,9.1,-0.1029999999999999
241,Radford,67.6,0.7999999999999972,-0.048,0.0469999999999999,-0.004,4.400000000000006,3.700000000000003,-2.1999999999999997,2.9000000000000004,0.008,1.5,5.0,-0.0489999999999999
242,Rhode Island,65.1,7.0,-0.02,0.035,0.013,3.799999999999997,7.100000000000001,-0.8000000000000007,4.1,0.028,-1.5999999999999996,4.300000000000001,-0.0369999999999999
243,Rice,71.4,-6.5,0.078,0.046,-0.0209999999999999,-4.200000000000003,-2.200000000000003,-1.0,-1.7000000000000002,-0.038,0.0999999999999978,-4.400000000000002,0.072
244,Richmond,68.8,3.9000000000000057,-0.008,0.0409999999999999,0.0249999999999999,-7.599999999999994,8.900000000000006,2.6000000000000005,-1.5,0.038,-2.4000000000000004,-8.5,-0.0209999999999999
245,Rider,65.6,-2.0999999999999943,0.0299999999999999,-0.028,0.0,-0.2000000000000028,-0.3999999999999986,-1.5,3.1000000000000005,0.005,1.0,-0.7999999999999972,0.003
246,Robert Morris,69.4,-8.299999999999997,0.0269999999999999,0.003,-0.032,-9.200000000000005,-8.5,2.9000000000000004,0.5,-0.0279999999999999,-0.8000000000000007,-8.700000000000003,-0.004
247,Rutgers,71.3,-17.5,0.04,-0.075,-0.046,-9.0,-6.5,-1.5,-1.1999999999999993,-0.0559999999999999,3.299999999999999,-9.6,0.027
248,Sacramento State,69.2,-1.2000000000000028,-0.01,-0.026,0.012,-3.0,-1.2000000000000028,-0.9000000000000004,2.8000000000000007,0.013,0.1999999999999993,-4.100000000000001,-0.005
249,Sacred Heart,72.2,-5.400000000000006,-0.007,-0.039,-0.023,0.5999999999999943,-7.599999999999994,-0.200000000000001,-3.1999999999999997,-0.027,1.6999999999999993,1.0,-0.007
250,Saint Francis (PA),67.6,-3.5,0.088,-0.004,-0.013,1.4000000000000057,-1.2999999999999972,-1.7000000000000002,-2.5,-0.021,1.3000000000000007,1.599999999999998,0.054
251,Saint Joseph's,70.1,10.200000000000005,0.124,-0.059,0.04,3.799999999999997,5.600000000000001,0.8999999999999995,1.799999999999999,0.031,-1.8999999999999984,2.5,0.093
252,Saint Louis,69.4,-8.900000000000006,-0.015,-0.054,-0.022,-6.799999999999997,1.5,-0.7000000000000002,-6.1000000000000005,-0.023,1.400000000000002,-7.199999999999999,-0.015
253,Saint Mary's (CA),62.3,20.39999999999999,0.0439999999999999,0.08,0.1139999999999999,7.799999999999997,14.299999999999995,0.6000000000000005,1.3000000000000007,0.1229999999999999,0.1999999999999993,3.599999999999998,0.034
254,Saint Peter's,66.4,-1.1000000000000083,0.0339999999999999,-0.0489999999999999,-0.005,4.200000000000003,0.8999999999999986,-1.4000000000000004,-0.3999999999999986,-0.001,1.3000000000000007,4.199999999999999,0.005
255,Sam Houston,69.8,5.200000000000003,-0.068,-0.011,-0.017,4.400000000000006,1.3999999999999917,0.2000000000000001,-3.2,-0.01,-2.799999999999999,7.099999999999998,-0.0549999999999999
256,Samford,69.7,-0.0999999999999943,0.0,-0.074,-0.003,-0.5999999999999943,-4.399999999999999,0.0,-1.700000000000001,-0.008,-0.9000000000000021,-1.1000000000000014,0.009
257,San Diego,66.6,-12.700000000000005,-0.068,0.1119999999999999,-0.055,-4.200000000000003,-0.6999999999999957,-2.0,-0.200000000000001,-0.0499999999999999,2.299999999999999,-2.0,-0.0629999999999999
258,San Diego State,66.2,11.900000000000006,0.118,-0.0279999999999999,0.047,7.599999999999994,-3.4000000000000057,-0.6999999999999993,5.4,0.0479999999999999,-0.200000000000001,6.5,0.0689999999999999
259,San Francisco,70.9,-1.5,0.036,-0.035,-0.015,3.799999999999997,-6.600000000000001,0.5,-3.9,-0.013,1.0,3.999999999999997,0.011
260,San Jose State,71.3,-4.699999999999989,-0.066,0.0469999999999999,-0.015,-0.2000000000000028,6.600000000000001,-0.2999999999999989,2.200000000000001,-0.007,1.6999999999999993,0.3000000000000007,-0.0559999999999999
261,Santa Clara,66.4,-9.0,-0.0239999999999999,-0.008,-0.031,-4.400000000000006,-2.799999999999997,-0.7999999999999998,-1.7000000000000002,-0.033,0.4000000000000003,-4.300000000000001,-0.019
262,Savannah State,68.2,-8.0,0.0059999999999999,0.038,-0.044,-6.0,-1.2999999999999972,-0.9000000000000004,-3.6,-0.0399999999999999,-0.8000000000000007,-3.899999999999999,-0.0229999999999999
263,Seattle,67.3,-3.0,0.0179999999999999,-0.1089999999999999,0.002,3.5999999999999943,-4.100000000000001,-3.5,-4.9,0.001,3.3999999999999986,2.6999999999999997,0.0109999999999999
264,Seton Hall,70.7,9.0,0.066,-0.033,0.039,4.799999999999997,0.1000000000000014,0.3000000000000007,1.5999999999999996,0.0439999999999999,-0.2000000000000028,3.900000000000002,0.037
265,Siena,71.0,6.799999999999997,0.0239999999999999,-0.0509999999999999,0.043,10.799999999999995,7.200000000000003,-1.8000000000000007,2.9000000000000004,0.048,3.799999999999999,9.2,0.0179999999999999
266,South Alabama,70.3,-6.0,0.012,-0.023,-0.018,-1.4000000000000057,-9.799999999999995,1.3000000000000007,1.6999999999999993,-0.0159999999999999,1.9000000000000004,-1.1999999999999993,-0.005
267,South Carolina,71.4,9.299999999999995,0.0499999999999999,-0.1099999999999999,0.017,8.0,-3.4000000000000057,0.5999999999999996,2.1999999999999997,0.015,-1.9999999999999984,7.800000000000001,0.0349999999999999
268,South Carolina State,68.8,0.0,-0.02,-0.071,-0.005,-2.0,-1.8000000000000045,0.2000000000000001,0.7999999999999998,-0.003,-0.5999999999999996,-1.900000000000002,-0.015
269,South Carolina Upstate,69.0,-8.0,-0.024,-0.0479999999999999,-0.029,2.200000000000003,-3.1000000000000014,-2.0,1.7000000000000002,-0.023,2.9000000000000004,2.5,-0.034
270,South Dakota,71.7,-4.0,-0.096,-0.094,-0.0219999999999999,-4.599999999999994,-2.1000000000000014,1.8000000000000007,-0.2999999999999989,-0.011,-1.8999999999999984,-4.300000000000001,-0.0809999999999999
271,South Dakota State,68.8,11.799999999999995,0.012,0.0379999999999999,0.04,7.400000000000006,-4.300000000000004,-0.9999999999999992,-3.200000000000001,0.042,-0.8000000000000007,6.800000000000001,0.0169999999999999
272,South Florida,67.1,-12.0,-0.0259999999999999,-0.121,-0.022,3.200000000000003,-17.800000000000004,-4.7,6.6,-0.0179999999999999,6.5,2.1000000000000014,-0.0259999999999999
273,Southeast Missouri State,71.5,-14.799999999999995,0.0539999999999999,-0.084,-0.0809999999999999,-4.0,-11.4,1.4000000000000004,-5.1000000000000005,-0.088,0.0999999999999978,-1.0,0.015
274,Southeastern Louisiana,70.6,-6.200000000000003,-0.0459999999999999,-0.025,-0.005,-2.200000000000003,-2.700000000000003,-0.1999999999999993,-2.9000000000000004,0.001,2.1999999999999997,-3.1000000000000014,-0.037
275,Southern,69.5,5.299999999999997,-0.013,-0.069,0.018,-2.0,-7.5,3.1,2.3999999999999995,0.022,-2.8999999999999986,-2.700000000000003,-0.007
276,Southern California,72.5,8.0,0.068,-0.0229999999999999,0.044,2.200000000000003,0.5,0.7999999999999998,3.1999999999999997,0.049,0.200000000000001,0.6000000000000014,0.0379999999999999
277,Southern Illinois,69.9,5.799999999999997,-0.0559999999999999,-0.0139999999999999,0.0,4.400000000000006,-4.5,1.9000000000000004,-1.5,0.002,-2.099999999999998,6.099999999999998,-0.0339999999999999
278,SIU Edwardsville,67.7,-11.900000000000006,-0.07,0.019,-0.065,1.0,-5.900000000000006,-1.2000000000000002,1.4000000000000004,-0.07,1.5,3.1999999999999997,-0.0509999999999999
279,Southern Methodist,66.1,21.0,0.034,-0.132,0.0859999999999999,14.799999999999995,5.600000000000001,-1.9000000000000004,4.199999999999999,0.087,-0.1000000000000014,12.700000000000005,0.0439999999999999
280,Southern Mississippi,65.0,-9.299999999999995,-0.023,0.0379999999999999,-0.017,-5.400000000000006,0.2000000000000028,-1.8000000000000007,-3.999999999999999,-0.02,2.6000000000000014,-5.5,-0.011
281,Southern Utah,68.9,-18.69999999999999,-0.059,0.01,-0.0589999999999999,-8.200000000000003,-0.1000000000000014,-0.7999999999999998,-3.6999999999999993,-0.063,1.299999999999999,-7.199999999999999,-0.0429999999999999
282,St. Bonaventure,69.1,6.700000000000003,0.001,-0.001,0.028,-1.4000000000000057,-4.299999999999997,0.7999999999999998,3.3999999999999986,0.019,-1.900000000000002,-2.0,0.0299999999999999
283,St. Francis (NY),66.9,-1.5999999999999943,0.017,0.178,-0.005,1.2000000000000028,4.0,-0.5999999999999996,2.9000000000000004,-0.001,1.2999999999999972,2.1000000000000014,-0.005
284,St. John's (NY),73.3,-12.700000000000005,-0.0459999999999999,-0.0069999999999999,-0.061,-5.200000000000003,-0.3999999999999986,-3.0,5.6,-0.0539999999999999,1.0,-3.3000000000000007,-0.06
285,Stanford,67.3,-1.1000000000000083,0.0569999999999999,-0.0559999999999999,-0.019,-1.2000000000000028,-8.0,2.1,0.8999999999999986,-0.033,-2.1000000000000014,-0.3000000000000007,0.0479999999999999
286,Stephen F. Austin,69.6,24.3,-0.045,0.0529999999999999,0.0559999999999999,3.799999999999997,13.199999999999996,5.5,2.799999999999999,0.057,-8.599999999999998,4.600000000000001,-0.005
287,Stetson,73.4,-3.0,0.039,0.0379999999999999,0.0,-5.799999999999997,4.200000000000003,0.200000000000001,-6.0,-0.011,0.5,-5.900000000000002,0.042
288,Stony Brook,67.8,17.799999999999997,0.0519999999999999,-0.0439999999999999,0.051,10.799999999999995,10.6,0.7999999999999989,5.199999999999999,0.06,-2.1999999999999997,10.6,0.0229999999999999
289,Syracuse,64.9,7.400000000000006,0.0739999999999999,0.0239999999999999,0.033,-1.4000000000000057,-9.200000000000005,2.8000000000000007,3.4000000000000004,0.028,-1.599999999999998,-1.6000000000000014,0.0569999999999999
290,TCU,70.0,-6.5,0.042,-0.0499999999999999,-0.044,-4.0,-8.299999999999997,-1.5,-1.1999999999999993,-0.0519999999999999,-0.3999999999999986,-2.3000000000000007,0.017
291,Temple,65.8,1.6000000000000083,-0.0209999999999999,0.0529999999999999,-0.005,-1.4000000000000057,3.700000000000003,1.2999999999999998,-1.7000000000000002,0.0049999999999999,-2.0,-0.3999999999999986,-0.031
292,Tennessee,70.9,-0.0999999999999943,-0.0319999999999999,0.013,-0.003,-2.5999999999999943,-1.6000000000000014,-1.0,2.6,-0.005,-1.1999999999999993,-2.3999999999999986,-0.011
293,Tennessee State,69.4,6.400000000000006,-0.002,-0.123,0.013,3.5999999999999943,-15.6,3.3000000000000007,5.0,0.013,-2.3999999999999986,3.3999999999999986,0.003
294,Tennessee Tech,70.1,3.5,0.1049999999999999,0.078,0.0429999999999999,-0.7999999999999972,1.6999999999999955,-1.5000000000000009,0.2999999999999989,0.03,1.5,-3.1999999999999997,0.098
295,Tennessee-Martin,67.4,2.5,0.067,-0.0469999999999999,0.011,2.5999999999999943,-8.200000000000003,0.5999999999999996,-1.8000000000000007,0.007,0.200000000000001,2.0,0.047
296,Texas,66.8,4.599999999999994,0.011,0.0319999999999999,0.009,-1.7999999999999972,-0.8000000000000043,0.9000000000000004,2.6999999999999997,0.017,-2.6000000000000014,-1.1000000000000014,-0.005
297,Texas A&M,68.6,14.400000000000006,0.0569999999999999,-0.028,0.039,6.0,4.699999999999996,2.3999999999999995,1.0,0.038,-3.599999999999998,5.900000000000002,0.043
298,Texas A&M-Corpus Christi,70.3,5.200000000000003,-0.062,-0.0379999999999999,0.008,-1.2000000000000028,-4.0,4.299999999999999,7.5,0.012,-3.799999999999999,-0.9000000000000021,-0.0359999999999999
299,Texas Southern,68.1,3.300000000000012,0.1689999999999999,0.0319999999999999,0.019,7.400000000000006,4.199999999999996,-2.6,-3.6999999999999993,0.026,2.599999999999998,6.9999999999999964,0.077
300,Texas State,65.2,2.5999999999999943,0.023,-0.0729999999999999,-0.012,0.0,1.0999999999999943,0.6000000000000014,1.5,-0.01,-3.0000000000000018,0.8999999999999986,0.006
301,Texas Tech,66.7,3.200000000000003,0.0929999999999999,-0.074,0.018,0.2000000000000028,7.0,-0.7999999999999989,3.3000000000000007,0.004,-0.4000000000000003,-0.9000000000000021,0.0819999999999999
302,Texas-Rio Grande Valley,69.3,-16.19999999999999,-0.005,0.0529999999999999,-0.027,-10.400000000000006,8.499999999999993,-2.299999999999999,-0.5999999999999996,-0.028,3.6999999999999993,-11.4,-0.007
303,The Citadel,81.2,-8.0,-0.125,0.187,-0.0639999999999999,-11.200000000000005,-0.2999999999999971,2.4000000000000004,-4.6,-0.0689999999999999,-3.200000000000001,-7.5000000000000036,-0.0789999999999999
304,Toledo,70.4,8.700000000000003,0.061,0.015,0.0289999999999999,4.400000000000006,10.4,-1.5999999999999996,-3.3,0.024,-1.0,3.599999999999998,0.052
305,Towson,66.8,5.899999999999992,0.0479999999999999,-0.037,-0.009,10.400000000000006,-2.299999999999997,1.3999999999999997,4.799999999999999,-0.002,-1.4000000000000004,11.6,0.005
306,Troy,70.1,-8.399999999999991,0.047,0.013,-0.04,-3.0,-6.599999999999994,-0.6999999999999993,-2.299999999999999,-0.0399999999999999,-0.2999999999999989,-2.1000000000000014,0.009
307,Tulane,67.9,-6.700000000000003,-0.061,0.0479999999999999,-0.039,0.2000000000000028,-2.0,-1.0,0.5999999999999996,-0.0379999999999999,0.1000000000000014,1.5,-0.046
308,Tulsa,68.8,5.799999999999997,0.049,-0.006,0.01,-2.5999999999999943,2.1000000000000014,2.1,-1.3999999999999997,0.021,-3.9,-2.5,0.009
309,UAB,69.4,12.099999999999994,0.04,-0.0119999999999999,0.0649999999999999,4.799999999999997,13.300000000000004,0.3999999999999986,7.5,0.067,0.0,2.3000000000000043,0.0379999999999999
310,UC Davis,67.1,-3.200000000000003,0.0439999999999999,-0.082,0.005,-1.2000000000000028,-8.799999999999997,-1.8000000000000007,-4.5,0.013,1.3000000000000007,-2.400000000000002,0.005
311,UC Irvine,67.6,7.5,0.0159999999999999,-0.063,0.054,3.4000000000000057,-4.5,0.5,7.899999999999999,0.071,1.200000000000001,0.8000000000000007,-0.007
312,UC Riverside,68.7,0.0,-0.019,0.076,0.01,1.2000000000000028,-1.7999999999999972,-1.6999999999999993,-2.299999999999999,0.016,1.5999999999999996,1.0,-0.018
313,UC Santa Barbara,68.3,5.099999999999994,-0.1379999999999999,-0.0559999999999999,0.028,2.4000000000000057,2.0,1.0,1.5,0.0439999999999999,0.5,1.599999999999998,-0.093
314,UCLA,71.6,1.0,-0.015,-0.1049999999999999,0.005,3.200000000000003,1.1999999999999955,-1.6999999999999993,2.1000000000000005,0.006,0.5999999999999996,2.3999999999999986,-0.01
315,UNC Asheville,70.4,9.899999999999991,0.0889999999999999,-0.0549999999999999,0.027,3.0,2.1000000000000014,3.4000000000000004,2.9000000000000004,0.025,-3.1,3.0,0.0599999999999999
316,UNC Greensboro,68.7,-1.0,-0.087,0.0099999999999999,-0.011,-1.2000000000000028,-6.0,1.5000000000000009,-1.0,0.008,-0.3000000000000007,-0.3000000000000007,-0.0849999999999999
317,UNC Wilmington,71.3,10.099999999999994,-0.169,0.042,0.021,1.2000000000000028,1.8000000000000045,3.500000000000001,3.299999999999999,0.043,-4.399999999999999,1.400000000000002,-0.12
318,UT Arlington,72.8,13.400000000000006,-0.081,0.005,0.022,10.599999999999994,7.100000000000001,0.7999999999999989,-4.0,0.0269999999999999,-2.6000000000000014,11.2,-0.0429999999999999
319,Utah,67.7,11.200000000000005,0.155,0.0469999999999999,0.0809999999999999,6.400000000000006,14.700000000000005,-1.5,-0.4000000000000003,0.077,2.6999999999999997,2.8999999999999986,0.111
320,Utah State,68.2,2.6999999999999886,0.017,0.023,0.016,1.7999999999999972,1.8999999999999984,-0.9000000000000004,-1.8000000000000007,0.018,0.8000000000000007,1.1999999999999993,0.01
321,Utah Valley,74.8,-3.5,-0.0169999999999999,0.103,0.005,-4.599999999999994,3.699999999999996,-0.7000000000000002,-1.3000000000000007,0.002,1.1000000000000014,-5.0,-0.002
322,UTEP,72.8,3.4000000000000057,0.0549999999999999,-0.074,0.03,-3.799999999999997,0.6000000000000014,0.8999999999999995,1.9000000000000004,0.033,-1.3000000000000007,-5.899999999999999,0.033
323,UTSA,73.1,-16.10000000000001,-0.082,-0.015,-0.0939999999999999,-4.200000000000003,-12.5,0.1999999999999993,-6.0,-0.1099999999999999,0.5999999999999996,-0.1999999999999993,-0.0449999999999999
324,Valparaiso,68.7,18.0,-0.027,0.0499999999999999,0.07,11.799999999999995,4.700000000000003,1.1999999999999993,2.6999999999999997,0.072,-0.5,10.6,0.006
325,Vanderbilt,69.2,12.299999999999995,0.054,0.074,0.091,1.5999999999999943,13.0,-2.0,4.200000000000001,0.098,2.6999999999999997,-2.0,0.043
326,Vermont,69.3,6.400000000000006,0.004,-0.009,0.0519999999999999,3.799999999999997,-1.0999999999999943,-1.5,1.9000000000000004,0.057,2.1999999999999997,1.3000000000000007,0.01
327,Villanova,67.3,21.200000000000003,0.041,0.0529999999999999,0.1019999999999999,2.4000000000000057,2.4000000000000057,1.8000000000000007,2.8999999999999995,0.094,-3.299999999999999,-0.8000000000000007,0.069
328,Virginia,61.5,17.700000000000003,-0.013,-0.082,0.0609999999999999,6.400000000000006,9.6,0.0,4.299999999999999,0.064,-3.5,4.900000000000002,0.0069999999999999
329,Virginia Commonwealth,69.8,13.5,-0.0459999999999999,0.03,0.014,4.0,-1.3999999999999986,4.1,0.200000000000001,0.019,-5.1,5.700000000000003,-0.0259999999999999
330,VMI,69.9,-8.699999999999989,-0.123,0.084,-0.034,-7.799999999999997,-3.5,-1.0,2.1,-0.027,0.5,-6.399999999999999,-0.0899999999999999
331,Virginia Tech,69.7,3.4000000000000057,0.1589999999999999,-0.077,0.022,-0.7999999999999972,-2.3999999999999986,-0.5,-3.8000000000000007,0.01,0.1999999999999993,-1.400000000000002,0.1129999999999999
332,Wagner,67.8,7.700000000000003,-0.1119999999999999,-0.032,0.002,9.400000000000006,0.9000000000000057,2.0,3.4000000000000004,0.0069999999999999,-1.8999999999999984,10.1,-0.066
333,Wake Forest,71.9,-6.900000000000006,0.0459999999999999,0.017,-0.01,1.7999999999999972,8.700000000000003,-2.8000000000000007,0.4000000000000003,-0.001,4.199999999999999,1.5000000000000036,0.001
334,Washington,78.0,3.9000000000000057,-0.034,0.039,0.006,-2.799999999999997,4.300000000000004,2.0,5.700000000000001,0.002,-2.5,-2.3000000000000043,-0.007
335,Washington State,70.4,-9.299999999999995,-0.0579999999999999,-0.01,0.001,-2.799999999999997,6.5,-2.5,2.6000000000000005,0.011,4.799999999999999,-5.199999999999999,-0.048
336,Weber State,68.6,13.100000000000009,0.1659999999999999,0.1429999999999999,0.0929999999999999,5.200000000000003,11.799999999999995,-1.1000000000000003,2.5,0.095,3.099999999999998,1.3000000000000007,0.1129999999999999
337,West Virginia,70.7,16.599999999999994,-0.091,-0.0569999999999999,-0.004,12.200000000000005,3.0,4.0,-0.3000000000000007,0.014,-6.099999999999998,14.799999999999995,-0.084
338,Western Carolina,70.4,-0.5,-0.062,-0.008,-0.013,0.4000000000000057,-3.0999999999999943,1.700000000000001,-1.1000000000000014,-0.009,-1.0,1.2000000000000028,-0.0469999999999999
339,Western Illinois,68.8,-0.5999999999999943,-0.0819999999999999,0.007,0.01,0.2000000000000028,4.299999999999997,-0.3999999999999986,1.1999999999999993,0.02,1.5,-0.8000000000000007,-0.0559999999999999
340,Western Kentucky,68.8,1.4000000000000057,0.095,-0.0289999999999999,0.019,7.599999999999994,-1.7999999999999972,-2.8999999999999995,2.9000000000000004,0.008,2.8999999999999986,6.0,0.078
341,Western Michigan,68.7,-0.5,0.063,-0.1009999999999999,-0.016,4.0,-4.899999999999999,-0.200000000000001,-1.6999999999999993,-0.028,0.0999999999999996,5.099999999999998,0.0509999999999999
342,Wichita State,66.1,20.099999999999994,-0.071,0.014,0.032,6.200000000000003,8.600000000000001,3.9,3.1,0.0439999999999999,-8.0,8.2,-0.0479999999999999
343,William & Mary,68.5,8.299999999999997,0.0899999999999999,-0.034,0.0639999999999999,3.0,8.899999999999999,-0.5999999999999996,1.8999999999999984,0.062,0.5,-1.1000000000000014,0.071
344,Winthrop,72.9,8.600000000000009,0.087,0.0849999999999999,0.0749999999999999,-1.7999999999999972,0.3999999999999986,-0.9000000000000004,3.3999999999999986,0.073,1.6000000000000014,-5.099999999999998,0.0769999999999999
345,Wisconsin,64.1,6.199999999999989,0.0429999999999999,0.053,0.007,4.599999999999994,2.5,0.6999999999999993,-0.5999999999999996,0.005,-1.700000000000001,5.600000000000001,0.029
346,Wofford,66.0,0.1000000000000085,-0.027,0.089,-0.002,0.4000000000000057,15.1,-1.4000000000000004,-4.7,-0.013,0.1999999999999993,1.099999999999998,0.007
347,Wright State,67.5,4.0,-0.1549999999999999,0.004,0.012,-5.200000000000003,5.699999999999996,0.6999999999999993,-2.700000000000001,0.034,-3.1999999999999997,-5.299999999999997,-0.118
348,Wyoming,65.5,-5.200000000000003,0.068,0.155,0.0419999999999999,-8.799999999999997,6.899999999999999,-2.9000000000000004,-2.3999999999999995,0.041,1.5999999999999996,-12.3,0.0559999999999999
349,Xavier,72.4,14.0,0.0809999999999999,-0.063,0.043,9.799999999999995,4.399999999999999,1.5999999999999996,-0.4000000000000003,0.036,-2.099999999999998,9.200000000000005,0.0709999999999999
350,Yale,66.9,16.599999999999994,0.0879999999999999,-0.032,0.054,15.599999999999994,6.899999999999999,-1.5999999999999996,3.5,0.061,0.3999999999999986,15.2,0.049
351,Youngstown State,74.1,-10.200000000000005,-0.01,-0.013,-0.031,-10.599999999999994,-2.8999999999999986,0.5,-2.1,-0.037,-0.1999999999999993,-10.1,-0.001
