Rk,School,Conf,Unnamed: 3,W,L,Pts,Opp,MOV,Unnamed: 9,SOS,Unnamed: 11,OSRS,DSRS,SRS,ORtg,DRtg,NRtg
1,Gonzaga,WCC,,28,4,87.2,66.2,20.97,,4.5,,19.65,5.82,25.46,122.0,87.05,34.95
2,Arizona,Pac-12,,33,4,84.0,68.1,15.92,,6.84,,17.87,4.88,22.75,119.64,88.31,31.32
3,Houston,AAC,,32,6,74.8,58.8,16.08,,6.47,,7.94,14.6,22.55,118.72,84.89,33.83
4,Kansas,Big 12,,34,6,78.2,67.3,10.98,,11.3,,15.3,6.98,22.28,121.11,89.14,31.97
5,Baylor,Big 12,,27,7,77.0,64.1,12.97,,8.76,,12.12,9.61,21.73,119.06,87.25,31.81
6,Kentucky,SEC,,26,8,79.4,66.6,12.88,,8.02,,13.5,7.4,20.9,120.81,91.08,29.73
7,Tennessee,SEC,,27,8,73.5,62.9,10.51,,9.94,,8.22,12.24,20.46,114.15,84.02,30.14
8,Texas Tech,Big 12,,27,10,72.1,60.6,11.43,,8.65,,6.76,13.32,20.08,113.09,83.5,29.59
9,Duke,ACC,,32,7,80.1,67.8,12.28,,7.26,,13.21,6.34,19.55,121.25,92.73,28.52
10,Villanova,Big East,,30,8,71.7,62.7,9.03,,10.29,,5.86,13.45,19.31,119.23,89.91,29.32
11,UCLA,Pac-12,,27,8,75.4,64.5,10.94,,8.36,,9.42,9.88,19.3,117.3,88.92,28.38
12,Auburn,SEC,,28,6,78.2,67.2,11.03,,8.17,,12.12,7.09,19.2,113.67,86.39,27.28
13,Purdue,Big Ten,,29,8,79.4,68.4,10.92,,8.23,,13.35,5.79,19.15,122.65,94.56,28.09
14,Iowa,Big Ten,,26,10,83.2,71.2,12.03,,6.87,,16.62,2.28,18.9,122.09,95.27,26.82
15,Louisiana State,SEC,,22,12,72.6,63.4,9.15,,8.3,,6.03,11.42,17.45,109.0,84.25,24.74
16,Texas,Big 12,,22,12,68.8,60.6,8.15,,8.87,,3.55,13.47,17.01,113.56,87.38,26.18
17,Illinois,Big Ten,,23,10,74.4,67.2,7.21,,9.48,,8.78,7.91,16.69,114.99,90.38,24.61
18,Connecticut,Big East,,23,10,74.8,65.3,9.52,,6.88,,8.28,8.12,16.4,115.28,91.83,23.45
19,Arkansas,SEC,,28,9,75.9,68.3,7.65,,8.62,,10.1,6.17,16.27,111.06,87.82,23.25
20,North Carolina,ACC,,29,10,77.9,71.3,6.62,,8.89,,12.35,3.15,15.5,114.93,92.16,22.77
21,Saint Mary's (CA),WCC,,26,8,69.7,60.6,9.09,,6.58,,1.54,13.28,14.82,110.94,88.99,21.96
22,Memphis,AAC,,22,11,75.2,68.3,6.82,,7.86,,9.28,5.4,14.67,112.07,91.09,20.98
23,Alabama,SEC,,19,14,79.5,76.5,3.03,,11.59,,14.77,-0.15,14.62,116.63,95.49,21.15
24,Virginia Tech,ACC,,23,13,70.8,62.8,8.0,,6.48,,4.29,10.19,14.48,115.65,93.66,21.99
25,Michigan,Big Ten,,19,15,72.6,69.4,3.24,,11.02,,7.43,6.83,14.26,115.09,94.38,20.71
26,Ohio State,Big Ten,,20,12,72.8,67.7,5.09,,9.08,,7.97,6.2,14.17,117.03,95.82,21.22
27,Oklahoma,Big 12,,19,16,69.1,65.0,4.03,,10.1,,4.72,9.4,14.12,112.1,91.59,20.51
28,San Francisco,WCC,,24,10,77.4,67.8,9.59,,5.24,,8.3,5.82,14.12,111.45,91.31,20.14
29,TCU,Big 12,,21,13,68.5,64.9,3.56,,10.16,,3.64,10.08,13.72,110.14,89.79,20.35
30,Loyola (IL),MVC,,25,8,72.8,61.5,11.33,,2.93,,3.45,9.95,13.39,111.0,90.37,20.63
31,Oklahoma State,Big 12,,15,15,68.4,65.7,2.7,,10.58,,4.03,9.25,13.28,105.33,85.99,19.35
32,Wake Forest,ACC,,25,10,78.5,70.1,8.49,,4.75,,10.28,2.96,13.24,111.64,92.95,18.69
33,Xavier,Big East,,23,13,74.1,69.2,4.89,,8.34,,8.87,4.36,13.23,112.32,93.39,18.93
34,Michigan State,Big Ten,,23,13,72.3,69.0,3.22,,9.96,,7.09,6.09,13.18,112.29,93.25,19.04
35,San Diego State,MWC,,23,9,65.4,58.1,7.28,,5.85,,-0.56,13.69,13.13,103.59,83.85,19.74
36,Wisconsin,Big Ten,,25,8,69.9,66.0,3.97,,9.16,,4.44,8.7,13.13,110.35,90.75,19.6
37,Providence,Big East,,27,6,71.5,66.2,5.33,,7.75,,5.62,7.46,13.08,111.44,92.18,19.26
38,Texas A&M,SEC,,27,13,72.7,66.1,6.63,,7.42,,4.92,8.02,12.93,109.65,90.72,18.93
39,Seton Hall,Big East,,21,11,71.9,66.4,5.53,,8.52,,4.69,8.06,12.75,108.59,90.3,18.29
40,Indiana,Big Ten,,21,14,70.8,66.2,4.63,,8.08,,4.5,8.21,12.71,108.38,89.54,18.85
41,Washington State,Pac-12,,22,15,71.5,64.9,6.59,,5.97,,3.84,8.73,12.57,109.15,90.76,18.38
42,Southern California,Pac-12,,26,8,72.4,66.0,6.41,,6.09,,5.39,7.11,12.5,110.83,92.82,18.01
43,Iowa State,Big 12,,22,13,65.6,62.5,3.06,,9.33,,0.63,11.75,12.38,104.86,86.28,18.58
44,St. John's (NY),Big East,,17,15,79.6,74.2,5.44,,6.51,,13.32,-1.37,11.95,111.48,94.64,16.84
45,Boise State,MWC,,27,8,68.3,60.9,7.4,,5.22,,1.59,10.34,11.93,109.07,91.23,17.84
46,Florida,SEC,,20,14,70.6,66.5,4.09,,7.84,,4.62,7.31,11.93,110.93,93.69,17.24
47,Notre Dame,ACC,,24,11,72.6,67.1,5.46,,7.01,,5.83,6.04,11.87,113.26,95.32,17.94
48,Mississippi State,SEC,,18,16,70.5,66.2,4.24,,7.6,,4.55,7.28,11.83,111.24,93.49,17.75
49,Colorado State,MWC,,25,6,73.4,66.0,7.35,,4.77,,6.26,5.25,11.51,114.92,97.57,17.35
50,Marquette,Big East,,19,13,74.0,71.6,2.41,,8.96,,9.13,2.23,11.36,109.55,92.81,16.74
51,Creighton,Big East,,23,12,69.2,66.4,2.8,,8.54,,3.22,8.12,11.34,106.69,90.43,16.26
52,Miami (FL),ACC,,26,11,73.9,70.4,3.59,,7.62,,8.18,3.04,11.22,114.2,97.75,16.45
53,Southern Methodist,AAC,,24,9,73.8,67.1,6.7,,4.44,,6.22,4.92,11.14,109.42,93.13,16.28
54,Vanderbilt,SEC,,19,17,70.8,67.8,2.94,,8.05,,4.36,6.64,11.0,108.12,92.0,16.12
55,UAB,CUSA (West),,27,8,80.3,66.7,13.57,,-0.14,,9.18,1.72,10.9,111.99,96.36,15.63
56,Kansas State,Big 12,,14,17,69.0,67.5,1.55,,9.06,,4.35,6.26,10.61,109.76,93.9,15.85
57,Davidson,A-10,,27,7,75.5,66.0,9.5,,1.92,,6.16,4.27,10.43,116.55,100.5,16.06
58,Dayton,A-10,,24,11,69.2,61.2,8.0,,2.41,,0.19,10.22,10.41,110.24,93.66,16.58
59,Utah State,MWC,,18,16,73.4,66.9,6.59,,4.53,,5.89,4.52,10.41,110.6,95.06,15.53
60,West Virginia,Big 12,,16,17,68.5,69.0,-0.52,,10.74,,4.72,5.51,10.23,108.98,93.71,15.28
61,Syracuse,ACC,,16,17,77.4,75.1,2.3,,7.82,,11.19,-1.06,10.12,115.31,100.68,14.63
62,Brigham Young,WCC,,24,11,74.3,68.3,5.91,,5.23,,6.18,3.87,10.05,110.03,94.64,15.4
63,Oregon,Pac-12,,20,15,72.3,69.7,2.63,,8.05,,6.75,3.3,10.05,111.17,96.8,14.37
64,Murray State,OVC,,31,3,79.1,63.2,15.88,,-3.07,,4.29,5.57,9.87,110.35,95.14,15.22
65,Saint Louis,A-10,,23,12,76.2,67.9,8.29,,3.45,,6.25,3.59,9.83,109.61,94.94,14.67
66,Virginia Commonwealth,A-10,,22,10,67.1,62.4,4.66,,5.17,,0.1,9.73,9.83,101.2,86.96,14.25
67,Colorado,Pac-12,,21,12,71.1,67.4,3.67,,6.15,,3.93,5.89,9.82,107.47,93.44,14.03
68,Clemson,ACC,,17,16,71.7,68.5,3.27,,6.31,,4.99,4.6,9.59,111.51,97.12,14.39
69,Wyoming,MWC,,25,9,72.5,65.5,7.03,,3.6,,4.09,5.27,9.36,109.67,95.24,14.43
70,Maryland,Big Ten,,15,17,70.9,70.7,0.22,,9.12,,5.08,4.26,9.34,110.33,96.52,13.81
71,North Texas,CUSA (West),,25,7,65.1,55.7,9.38,,1.28,,-6.02,15.0,8.98,106.02,90.85,15.17
72,Santa Clara,WCC,,21,12,77.3,71.9,5.36,,3.61,,10.5,-1.52,8.98,111.48,98.54,12.95
73,Northwestern,Big Ten,,15,16,73.0,69.9,3.03,,7.11,,5.1,3.81,8.91,107.41,94.26,13.15
74,Virginia,ACC,,21,14,62.4,60.1,2.29,,6.6,,-4.5,13.38,8.88,108.11,94.23,13.88
75,Rutgers,Big Ten,,18,14,68.5,66.5,1.97,,6.81,,1.48,7.29,8.78,107.31,94.04,13.28
76,Penn State,Big Ten,,14,17,64.6,65.0,-0.39,,9.1,,-2.01,10.72,8.72,107.4,94.35,13.05
77,Fresno State,MWC,,23,13,66.2,59.4,6.81,,1.94,,-2.72,11.08,8.36,106.53,93.1,13.43
78,Missouri State,MVC,,23,11,77.3,68.9,8.41,,1.05,,6.59,1.7,8.29,112.58,99.89,12.69
79,St. Bonaventure,A-10,,23,10,70.0,66.5,3.48,,4.79,,3.0,5.28,8.27,109.59,96.87,12.73
80,Wichita State,AAC,,15,13,68.5,66.4,2.11,,6.0,,2.31,5.8,8.11,104.66,92.44,12.22
81,DePaul,Big East,,15,16,73.3,72.2,1.1,,6.73,,6.1,1.73,7.83,108.36,97.84,10.52
82,Vermont,AEC,,28,6,74.8,60.7,14.09,,-5.7,,2.72,5.09,7.81,111.14,98.44,12.7
83,Arizona State,Pac-12,,14,17,65.4,67.2,-1.84,,9.48,,0.49,7.16,7.64,101.43,90.32,11.11
84,Cincinnati,AAC,,18,15,69.4,65.9,3.48,,4.28,,2.1,5.34,7.44,105.6,94.71,10.89
85,Drake,MVC,,25,11,73.9,66.4,7.47,,1.04,,4.27,3.06,7.34,109.77,98.28,11.49
86,Nevada-Las Vegas,MWC,,18,14,69.9,65.6,4.28,,4.58,,2.38,4.81,7.2,107.91,96.7,11.21
87,South Carolina,SEC,,18,13,71.0,70.3,0.71,,8.37,,3.1,4.04,7.14,102.07,91.5,10.57
88,New Mexico State,WAC,,27,7,72.5,64.6,7.85,,1.24,,1.49,5.62,7.11,106.84,96.13,10.71
89,Richmond,A-10,,24,13,71.0,68.4,2.59,,4.48,,3.46,3.61,7.07,109.21,98.05,11.16
90,Tulane,AAC,,14,15,73.1,71.7,1.41,,5.33,,6.1,0.64,6.74,109.78,99.28,10.5
91,Mississippi,SEC,,13,19,68.1,68.7,-0.53,,7.25,,1.42,5.3,6.72,107.11,97.54,9.58
92,South Dakota State,Summit,,30,5,85.9,73.2,12.69,,-3.77,,10.64,-4.04,6.6,113.89,104.22,9.67
93,Belmont,OVC,,25,8,78.3,68.6,9.67,,-2.57,,6.21,0.28,6.49,108.48,99.14,9.34
94,Towson,CAA,,25,9,72.9,64.3,8.62,,-2.15,,1.52,4.95,6.47,108.39,98.2,10.18
95,Florida State,ACC,,17,14,71.0,71.9,-0.94,,7.32,,3.29,3.1,6.39,105.88,96.4,9.48
96,Stanford,Pac-12,,16,16,66.4,68.7,-2.31,,8.59,,0.94,5.33,6.27,106.1,97.14,8.97
97,Toledo,MAC,,26,8,79.9,68.6,11.26,,-3.22,,6.71,-0.44,6.26,109.47,100.35,9.11
98,Central Florida,AAC,,18,12,69.8,68.2,1.6,,4.63,,3.56,2.67,6.23,107.45,97.7,9.75
99,Furman,Southern,,22,12,77.6,68.7,8.94,,-1.44,,5.21,0.99,6.2,112.71,102.79,9.92
100,Chattanooga,Southern,,27,8,74.2,64.4,9.8,,-0.94,,0.43,5.7,6.12,107.5,97.18,10.33
101,Minnesota,Big Ten,,13,17,67.0,69.2,-2.2,,8.13,,1.49,4.44,5.93,107.41,98.87,8.54
102,Grand Canyon,WAC,,23,8,71.1,61.2,9.87,,-2.57,,-0.63,6.43,5.81,104.36,95.11,9.25
103,Bradley,MVC,,17,14,70.5,65.2,5.29,,1.19,,0.5,5.29,5.79,103.85,94.3,9.55
104,Northern Iowa,MVC,,20,12,74.5,71.0,3.44,,3.43,,5.96,-0.17,5.79,110.17,101.11,9.06
105,Iona,MAAC,,25,8,75.2,68.6,6.61,,-1.14,,5.15,0.33,5.47,106.26,98.17,8.09
106,Utah,Pac-12,,11,20,69.7,70.9,-1.16,,6.61,,3.46,1.99,5.45,107.58,99.25,8.33
107,Louisiana Tech,CUSA (West),,24,10,75.2,68.0,7.24,,0.11,,3.4,1.83,5.23,106.23,98.19,8.04
108,Washington,Pac-12,,17,15,70.6,72.3,-1.69,,6.72,,3.91,1.12,5.03,103.92,96.31,7.62
109,Temple,AAC,,17,12,66.8,66.4,0.31,,4.3,,-0.33,4.94,4.61,102.23,95.38,6.85
110,Middle Tennessee,CUSA (East),,26,11,74.9,67.2,7.7,,-1.16,,3.03,1.47,4.5,105.53,97.81,7.72
111,Butler,Big East,,14,19,63.8,66.9,-3.09,,9.16,,-2.61,7.07,4.45,102.89,96.72,6.18
112,Louisville,ACC,,13,19,67.3,70.1,-2.78,,7.01,,0.84,3.39,4.23,103.59,97.48,6.11
113,George Mason,A-10,,14,16,70.7,68.5,2.2,,1.98,,1.11,3.07,4.18,105.85,99.12,6.73
114,Boston College,ACC,,13,20,66.9,68.1,-1.18,,5.22,,-0.03,4.06,4.03,105.14,98.53,6.61
115,California,Pac-12,,12,20,63.1,66.1,-3.0,,6.96,,-3.24,7.2,3.96,101.73,95.92,5.82
116,NC State,ACC,,11,21,73.0,75.6,-2.59,,6.37,,5.72,-1.94,3.77,109.4,103.11,6.29
117,Nevada,MWC,,13,18,72.5,73.7,-1.13,,6.07,,5.17,-1.46,3.71,106.09,100.01,6.08
118,Western Kentucky,CUSA (East),,19,13,75.4,69.2,6.25,,0.23,,3.6,-0.3,3.3,105.9,100.27,5.63
119,Nebraska,Big Ten,,10,22,73.3,78.5,-5.25,,8.25,,7.24,-4.24,3.0,106.06,100.61,5.45
120,Saint Peter's,MAAC,,22,12,67.0,62.5,4.47,,-0.47,,-4.16,7.12,2.96,98.63,93.36,5.27
121,Missouri,SEC,,12,21,65.5,70.5,-5.0,,9.1,,-0.63,3.56,2.94,103.98,99.19,4.79
122,Rhode Island,A-10,,15,16,67.1,65.0,2.13,,1.22,,-2.67,5.59,2.92,99.61,94.83,4.78
123,Southern Illinois,MVC,,16,15,64.0,61.4,2.68,,0.73,,-6.08,8.91,2.83,102.18,97.35,4.84
124,Princeton,Ivy,,23,7,79.8,70.1,9.73,,-3.95,,5.67,-3.01,2.65,110.64,105.93,4.71
125,Florida Atlantic,CUSA (East),,19,15,74.1,68.1,6.0,,-1.82,,2.02,0.61,2.63,105.68,101.01,4.67
126,Stephen F. Austin,WAC,,22,10,74.5,68.4,6.09,,-1.6,,1.22,1.21,2.43,101.26,97.61,3.65
127,Utah Valley,WAC,,20,12,71.2,65.1,6.09,,-1.6,,-1.26,3.63,2.37,101.64,97.91,3.73
128,Abilene Christian,WAC,,25,11,76.7,67.6,9.14,,-2.09,,3.76,-1.51,2.25,102.89,99.84,3.05
129,Georgia Tech,ACC,,12,20,68.6,70.8,-2.16,,6.08,,0.39,1.85,2.24,100.96,97.42,3.53
130,Wofford,Southern,,19,13,72.6,66.3,6.31,,-1.55,,-1.34,3.35,2.01,106.63,102.64,4.0
131,Seattle,WAC,,23,9,74.8,66.6,8.22,,-4.1,,1.08,0.88,1.96,99.44,96.42,3.02
132,Buffalo,MAC,,19,11,79.9,72.3,7.67,,-3.21,,6.52,-4.62,1.9,105.8,103.02,2.78
133,Liberty,A-Sun (East),,22,11,73.4,63.5,9.91,,-4.01,,-0.56,2.41,1.86,105.21,101.14,4.06
134,Hofstra,CAA,,21,11,77.9,72.9,5.03,,-0.6,,5.56,-3.76,1.8,107.89,104.75,3.14
135,Georgetown,Big East,,6,25,70.7,77.0,-6.32,,8.03,,4.92,-3.21,1.71,106.07,103.1,2.97
136,UC Irvine,Big West,,15,10,66.2,60.3,5.96,,-0.93,,-5.3,6.89,1.59,98.42,95.68,2.74
137,Tulsa,AAC,,11,20,67.4,69.9,-2.52,,4.07,,0.2,1.36,1.56,103.94,101.28,2.66
138,Ohio,MAC,,25,10,74.0,67.9,6.09,,-4.17,,0.23,1.27,1.5,103.57,100.82,2.74
139,UC Santa Barbara,Big West,,17,11,73.8,65.8,8.04,,-4.39,,0.74,0.64,1.38,104.59,101.76,2.83
140,New Mexico,MWC,,13,19,74.3,75.3,-1.09,,4.32,,7.11,-5.86,1.25,105.84,103.59,2.25
141,Saint Joseph's,A-10,,11,19,67.6,69.1,-1.47,,2.46,,-0.18,1.18,1.0,100.28,98.27,2.0
142,Colgate,Patriot,,23,12,75.6,67.1,8.49,,-6.37,,2.08,-1.1,0.98,106.28,104.07,2.21
143,Akron,MAC,,24,10,70.6,62.6,8.0,,-3.93,,-4.21,5.12,0.91,104.55,102.28,2.27
144,Morehead State,OVC,,23,11,70.0,63.5,6.5,,-3.43,,-3.17,3.96,0.79,101.7,99.45,2.24
145,Coastal Carolina,Sun Belt,,19,14,72.8,65.3,7.52,,-2.41,,-0.9,1.55,0.66,100.92,99.71,1.21
146,College of Charleston,CAA,,17,15,78.2,76.4,1.75,,-1.23,,7.32,-6.8,0.52,102.61,101.33,1.28
147,East Carolina,AAC,,15,15,68.8,70.9,-2.17,,2.66,,1.14,-0.65,0.49,102.01,100.85,1.16
148,Pittsburgh,ACC,,11,21,61.5,68.1,-6.53,,6.98,,-5.07,5.52,0.45,100.4,100.14,0.26
149,Delaware,CAA,,22,13,73.4,70.2,3.2,,-1.82,,1.74,-1.42,0.32,106.06,104.83,1.23
150,UTEP,CUSA (West),,20,14,69.2,66.6,2.56,,-0.48,,-2.39,2.65,0.27,100.34,99.27,1.07
151,South Alabama,Sun Belt,,21,12,71.6,64.0,7.61,,-3.59,,-1.26,1.49,0.23,102.13,101.08,1.05
152,Texas State,Sun Belt,,21,8,70.4,63.2,7.21,,-2.86,,-2.62,2.76,0.14,105.25,104.21,1.05
153,Sam Houston,WAC,,19,14,68.8,63.1,5.76,,-1.16,,-4.44,4.51,0.07,99.81,98.51,1.29
154,Cal State Fullerton,Big West,,21,11,70.0,66.5,3.44,,-2.28,,-1.36,1.31,-0.04,103.43,102.88,0.55
155,Yale,Ivy,,19,12,71.8,69.1,2.68,,-1.34,,-0.58,0.48,-0.1,99.19,98.56,0.63
156,Kent State,MAC,,23,11,71.3,65.2,6.06,,-3.07,,-3.26,3.13,-0.13,100.39,100.12,0.27
157,Jacksonville State,A-Sun (West),,21,11,73.5,67.2,6.31,,-3.79,,-1.49,1.3,-0.19,104.31,103.34,0.97
158,Montana State,Big Sky,,27,8,76.5,69.3,7.26,,-5.54,,0.46,-0.72,-0.26,101.85,101.59,0.26
159,Drexel,CAA,,15,14,72.8,70.3,2.55,,-1.9,,-0.57,0.28,-0.29,103.24,102.83,0.42
160,Longwood,Big South (North),,26,7,75.7,65.8,9.97,,-6.11,,0.13,-0.49,-0.35,104.96,104.28,0.68
161,Monmouth,MAAC,,21,13,68.6,67.3,1.29,,-1.68,,-1.7,1.31,-0.39,101.08,101.31,-0.22
162,Hawaii,Big West,,17,11,68.9,64.1,4.71,,-3.06,,-3.44,2.92,-0.52,101.4,101.66,-0.26
163,Georgia,SEC,,6,26,69.8,78.5,-8.69,,8.06,,4.51,-5.14,-0.63,107.41,107.64,-0.24
164,Long Beach State,Big West,,20,13,73.8,73.0,0.85,,0.35,,3.93,-4.59,-0.65,102.46,102.92,-0.46
165,UNC Wilmington,CAA,,27,9,72.1,69.0,3.14,,-2.84,,-0.44,-0.22,-0.66,103.21,103.47,-0.26
166,Massachusetts,A-10,,15,17,75.7,78.1,-2.38,,1.7,,8.28,-8.95,-0.67,110.44,111.01,-0.57
167,Illinois State,MVC,,13,20,74.2,74.7,-0.58,,0.74,,4.29,-5.07,-0.78,104.75,105.15,-0.41
168,Oral Roberts,Summit,,19,12,83.3,74.4,8.9,,-4.49,,7.24,-8.08,-0.84,107.04,108.14,-1.1
169,Fordham,A-10,,16,16,66.1,66.8,-0.69,,-0.2,,-4.7,3.81,-0.89,93.91,94.23,-0.32
170,UC Riverside,Big West,,16,12,66.6,63.7,2.89,,-1.89,,-3.43,2.5,-0.92,98.83,99.61,-0.78
171,Georgia State,Sun Belt,,18,11,70.7,65.7,4.93,,-1.34,,-1.23,0.12,-1.11,100.16,100.73,-0.57
172,Wagner,NEC,,21,6,74.4,64.7,9.74,,-9.01,,-1.39,0.27,-1.12,100.37,101.47,-1.1
173,Old Dominion,CUSA (East),,13,19,66.5,67.0,-0.56,,-0.09,,-4.86,3.54,-1.32,99.68,101.12,-1.44
174,Oregon State,Pac-12,,3,28,68.3,78.1,-9.84,,8.4,,2.56,-4.01,-1.44,105.6,108.08,-2.48
175,Appalachian State,Sun Belt,,19,15,67.1,63.1,3.97,,-1.45,,-5.29,3.85,-1.45,99.15,100.55,-1.39
176,Southern Utah,Big Sky,,23,12,77.7,72.5,5.2,,-4.57,,3.2,-4.71,-1.51,103.82,105.36,-1.54
177,Oakland,Horizon,,20,12,74.4,68.6,5.84,,-4.06,,-0.42,-1.11,-1.52,101.55,103.61,-2.06
178,Winthrop,Big South (South),,23,9,75.2,70.2,5.03,,-3.63,,2.56,-4.12,-1.56,104.78,106.31,-1.53
179,North Dakota State,Summit,,23,10,74.8,68.7,6.12,,-4.66,,-1.7,0.1,-1.6,100.68,102.69,-2.01
180,Valparaiso,MVC,,14,18,70.8,70.5,0.22,,0.83,,-0.79,-0.82,-1.61,102.71,104.61,-1.9
181,Charlotte,CUSA (East),,17,14,70.0,71.2,-1.19,,-0.42,,-0.59,-1.03,-1.62,105.05,107.31,-2.26
182,Portland,WCC,,19,15,74.2,72.2,2.06,,-1.11,,0.92,-2.62,-1.71,101.48,103.33,-1.85
183,Weber State,Big Sky,,21,12,76.2,70.3,5.88,,-5.21,,1.71,-3.44,-1.73,102.33,104.42,-2.08
184,Cleveland State,Horizon,,20,11,75.4,69.9,5.42,,-5.64,,2.11,-3.88,-1.78,102.51,104.95,-2.44
185,Loyola Marymount,WCC,,11,18,69.3,74.1,-4.76,,3.25,,0.38,-2.31,-1.93,105.43,108.24,-2.81
186,Wright State,Horizon,,22,14,75.8,71.8,4.0,,-5.11,,2.42,-4.36,-1.94,103.8,106.19,-2.39
187,Jacksonville,A-Sun (East),,21,10,67.1,59.3,7.81,,-5.21,,-9.32,7.26,-2.06,98.14,100.03,-1.89
188,Gardner-Webb,Big South (South),,18,13,69.5,64.2,5.32,,-4.43,,-5.45,3.09,-2.35,95.94,98.13,-2.19
189,UNC Greensboro,Southern,,17,15,65.1,65.0,0.13,,-1.99,,-7.55,5.08,-2.47,98.15,101.16,-3.02
190,VMI,Southern,,16,16,79.0,74.2,4.81,,-2.05,,5.65,-8.12,-2.47,107.82,110.48,-2.66
191,Louisiana,Sun Belt,,16,15,71.1,69.4,1.68,,-2.91,,-0.32,-2.39,-2.71,98.71,101.94,-3.23
192,Rice,CUSA (West),,16,17,74.1,73.4,0.76,,-1.19,,2.88,-5.61,-2.74,103.97,108.19,-4.21
193,East Tennessee State,Southern,,15,17,72.1,73.0,-0.94,,-0.36,,-0.27,-2.49,-2.76,105.3,108.54,-3.24
194,Navy,Patriot,,21,11,65.0,60.1,4.84,,-6.36,,-8.27,5.33,-2.94,93.45,96.67,-3.22
195,Samford,Southern,,21,11,74.7,73.8,0.84,,-1.76,,1.58,-4.59,-3.01,102.56,105.89,-3.33
196,South Florida,AAC,,8,23,57.5,64.9,-7.45,,4.4,,-9.77,6.72,-3.05,91.42,95.95,-4.53
197,Florida Gulf Coast,A-Sun (East),,22,12,77.7,73.7,4.0,,-4.91,,4.75,-7.82,-3.07,103.95,107.96,-4.02
198,Niagara,MAAC,,14,16,67.4,65.5,1.9,,-2.98,,-5.35,2.27,-3.09,99.36,103.58,-4.22
199,Tarleton State,WAC,,14,17,64.6,65.3,-0.74,,-0.5,,-6.87,3.7,-3.18,98.78,102.71,-3.93
200,Northern Kentucky,Horizon,,20,12,69.9,65.1,4.81,,-6.19,,-4.83,1.64,-3.19,99.91,103.91,-4.0
201,Arkansas State,Sun Belt,,18,11,70.9,68.1,2.79,,-3.5,,-2.37,-0.9,-3.27,98.56,102.07,-3.51
202,Texas Southern,SWAC,,19,13,69.0,66.1,2.94,,-6.24,,-4.03,0.73,-3.3,95.39,99.48,-4.1
203,Brown,Ivy,,13,16,71.0,69.5,1.48,,-1.91,,-2.69,-0.63,-3.32,98.27,102.56,-4.29
204,San Diego,WCC,,15,16,65.8,67.3,-1.45,,1.48,,-5.5,2.18,-3.32,96.22,100.95,-4.73
205,Cornell,Ivy,,15,11,79.2,74.7,4.54,,-3.45,,4.09,-7.5,-3.41,102.11,106.4,-4.29
206,Mercer,Southern,,16,17,70.5,70.5,-0.09,,-1.15,,-2.27,-1.14,-3.41,103.56,107.7,-4.14
207,Indiana State,MVC,,11,20,70.5,71.9,-1.48,,1.94,,-0.31,-3.19,-3.49,98.07,102.18,-4.12
208,La Salle,A-10,,11,19,67.5,71.5,-4.03,,0.54,,-2.34,-1.16,-3.5,98.21,102.43,-4.21
209,California Baptist,WAC,,18,16,70.6,67.2,3.47,,-3.34,,-2.72,-0.81,-3.53,98.41,103.01,-4.6
210,Troy,Sun Belt,,20,12,69.2,65.6,3.56,,-3.52,,-4.05,0.49,-3.56,96.81,100.96,-4.15
211,Nicholls State,Southland,,21,12,78.5,71.3,7.21,,-5.9,,0.68,-4.3,-3.62,99.13,103.49,-4.37
212,UC Davis,Big West,,13,11,67.8,66.4,1.46,,-4.29,,-4.08,0.38,-3.7,96.26,100.95,-4.7
213,Bellarmine,A-Sun (West),,20,13,70.1,67.2,2.94,,-1.28,,-3.7,-0.07,-3.77,106.4,110.96,-4.56
214,Fairfield,MAAC,,15,18,67.8,66.0,1.88,,-4.09,,-5.23,1.35,-3.88,98.85,103.65,-4.8
215,Norfolk State,MEAC,,24,7,74.3,64.4,9.84,,-9.3,,-3.35,-0.57,-3.91,99.11,103.75,-4.64
216,Pennsylvania,Ivy,,12,16,72.0,75.5,-3.43,,-0.5,,1.54,-5.47,-3.93,103.45,108.37,-4.91
217,George Washington,A-10,,12,18,68.4,72.8,-4.47,,0.4,,-0.95,-3.12,-4.07,97.85,102.97,-5.12
218,Dartmouth,Ivy,,9,16,68.4,68.2,0.16,,-2.62,,-6.3,2.18,-4.12,96.54,102.18,-5.64
219,James Madison,CAA,,15,14,75.1,73.2,1.9,,-1.1,,1.66,-5.79,-4.13,102.2,107.55,-5.35
220,Marist,MAAC,,14,16,68.8,68.2,0.6,,-4.86,,-3.24,-1.02,-4.26,98.85,104.58,-5.73
221,South Dakota,Summit,,19,12,75.1,70.9,4.23,,-5.61,,-1.47,-2.97,-4.43,102.59,108.52,-5.93
222,Kennesaw State,A-Sun (East),,13,18,74.8,71.2,3.65,,-2.62,,-0.18,-4.33,-4.51,102.94,108.57,-5.63
223,UNC Asheville,Big South (South),,17,15,75.3,68.8,6.53,,-5.28,,-1.09,-3.43,-4.52,99.7,105.59,-5.89
224,Northern Colorado,Big Sky,,22,16,77.9,76.9,1.0,,-3.67,,4.78,-9.31,-4.53,106.0,112.08,-6.08
225,Marshall,CUSA (East),,12,21,74.0,76.5,-2.45,,0.14,,3.28,-7.85,-4.57,99.78,105.56,-5.78
226,Harvard,Ivy,,13,13,71.5,69.1,2.35,,-4.2,,-3.42,-1.25,-4.68,96.36,102.47,-6.11
227,Bryant,NEC,,22,10,78.0,73.4,4.66,,-7.41,,4.16,-8.95,-4.8,100.04,106.29,-6.24
228,Campbell,Big South (North),,16,13,66.2,62.0,4.17,,-5.76,,-7.61,2.78,-4.84,98.94,104.94,-6.0
229,Boston University,Patriot,,22,13,70.6,67.7,2.89,,-7.34,,-1.87,-3.2,-5.07,103.36,109.85,-6.48
230,Southern,SWAC,,17,14,71.9,67.9,4.0,,-6.9,,-2.99,-2.18,-5.17,95.03,101.59,-6.56
231,Eastern Washington,Big Sky,,18,16,76.9,74.6,2.26,,-5.14,,2.16,-7.36,-5.2,101.3,108.24,-6.94
232,Kansas City,Summit,,19,12,74.5,67.3,7.29,,-5.23,,-3.99,-1.5,-5.49,97.48,104.73,-7.25
233,UT Arlington,Sun Belt,,11,18,67.2,68.7,-1.55,,-0.94,,-4.81,-0.68,-5.49,94.93,102.17,-7.24
234,Quinnipiac,MAAC,,14,17,71.8,71.5,0.32,,-4.2,,0.34,-5.9,-5.56,100.86,108.06,-7.2
235,Purdue Fort Wayne,Horizon,,21,12,73.5,69.6,3.82,,-6.69,,-2.2,-3.39,-5.59,97.29,105.0,-7.71
236,Air Force,MWC,,11,18,59.0,66.0,-7.0,,1.33,,-9.46,3.79,-5.67,95.67,104.64,-8.97
237,Rider,MAAC,,14,19,67.8,69.3,-1.48,,-3.56,,-4.47,-1.4,-5.87,96.67,104.16,-7.49
238,Northeastern,CAA,,9,22,64.3,69.1,-4.81,,-1.19,,-7.23,1.23,-6.0,96.43,104.6,-8.17
239,Maryland-Baltimore County,AEC,,18,14,73.7,72.1,1.63,,-6.51,,0.58,-6.64,-6.06,101.43,109.98,-8.55
240,Elon,CAA,,10,22,67.1,72.2,-5.13,,1.39,,-4.94,-1.21,-6.15,97.94,106.2,-8.26
241,Youngstown State,Horizon,,19,15,72.6,69.8,2.82,,-7.12,,-1.53,-4.75,-6.28,101.48,110.35,-8.87
242,New Hampshire,AEC,,15,13,68.8,65.0,3.79,,-7.21,,-6.67,0.35,-6.32,101.08,110.02,-8.94
243,Detroit Mercy,Horizon,,14,16,70.7,70.5,0.23,,-5.02,,-2.51,-3.82,-6.33,103.28,112.45,-9.17
244,Duquesne,A-10,,6,24,65.2,73.4,-8.2,,1.86,,-3.32,-3.02,-6.34,98.04,106.93,-8.89
245,Western Illinois,Summit,,16,16,77.9,77.2,0.72,,-5.51,,1.62,-7.96,-6.34,98.36,106.96,-8.61
246,Miami (OH),MAC,,14,18,75.3,73.5,1.78,,-4.14,,0.99,-7.33,-6.35,102.4,111.21,-8.81
247,Siena,MAAC,,15,14,66.3,69.2,-2.9,,-3.5,,-5.32,-1.08,-6.4,95.71,104.69,-8.98
248,Florida International,CUSA (East),,15,17,70.8,71.1,-0.31,,-3.27,,-3.96,-2.51,-6.47,96.42,105.14,-8.72
249,Montana,Big Sky,,18,14,72.2,66.9,5.28,,-6.21,,-5.23,-1.25,-6.48,97.03,106.25,-9.22
250,High Point,Big South (North),,14,18,69.5,69.8,-0.22,,-3.39,,-3.68,-2.85,-6.53,96.83,105.58,-8.76
251,Stony Brook,AEC,,18,13,72.9,73.1,-0.19,,-5.43,,0.56,-7.19,-6.63,101.6,110.93,-9.33
252,Eastern Kentucky,A-Sun (West),,13,18,79.3,75.1,4.19,,-5.38,,2.83,-9.58,-6.75,99.83,108.84,-9.01
253,Howard,MEAC,,16,13,76.4,69.6,6.76,,-8.53,,0.12,-6.87,-6.76,98.51,107.29,-8.78
254,Texas A&M-Corpus Christi,Southland,,23,12,76.6,70.1,6.51,,-9.1,,-3.43,-3.35,-6.78,95.16,103.93,-8.77
255,The Citadel,Southern,,13,18,76.8,76.8,-0.03,,-1.97,,2.59,-9.38,-6.8,99.98,108.65,-8.67
256,San Jose State,MWC,,8,23,64.3,72.3,-8.03,,3.79,,-4.84,-2.17,-7.01,97.96,108.39,-10.44
257,Georgia Southern,Sun Belt,,13,16,66.4,65.6,0.83,,-3.04,,-6.59,-0.45,-7.04,94.69,104.34,-9.66
258,Pepperdine,WCC,,7,25,68.2,77.5,-9.28,,3.42,,-0.83,-6.2,-7.04,96.52,105.64,-9.11
259,UC San Diego,Big West,,13,16,70.2,70.6,-0.34,,-3.78,,-1.66,-5.38,-7.04,99.56,109.85,-10.29
260,Massachusetts-Lowell,AEC,,15,16,70.7,65.8,4.87,,-6.65,,-5.28,-1.8,-7.08,94.38,103.81,-9.43
261,Southeast Missouri State,OVC,,14,18,75.6,77.3,-1.72,,-4.69,,4.24,-11.44,-7.19,101.49,111.35,-9.86
262,Tennessee Tech,OVC,,11,21,72.8,73.7,-0.91,,-3.03,,-0.61,-6.65,-7.27,98.27,108.07,-9.81
263,Canisius,MAAC,,11,21,68.5,71.5,-3.0,,-2.25,,-3.83,-3.65,-7.48,94.48,104.66,-10.18
264,Cal State Bakersfield,Big West,,9,19,64.9,66.3,-1.46,,-2.01,,-7.87,0.3,-7.57,95.39,105.73,-10.34
265,Long Island University,NEC,,16,14,74.8,73.5,1.37,,-7.03,,0.95,-8.57,-7.62,96.62,107.1,-10.48
266,Manhattan,MAAC,,15,15,70.9,72.6,-1.77,,-3.85,,-1.01,-6.63,-7.64,98.73,109.36,-10.63
267,Portland State,Big Sky,,14,17,73.5,72.2,1.39,,-5.67,,-2.64,-5.06,-7.7,92.59,103.24,-10.65
268,New Orleans,Southland,,18,14,77.2,74.5,2.63,,-7.16,,-0.47,-7.41,-7.88,94.81,105.01,-10.2
269,Ball State,MAC,,14,17,74.3,76.8,-2.45,,-4.56,,0.41,-8.4,-7.99,99.09,109.36,-10.28
270,Pacific,WCC,,8,22,65.9,72.7,-6.87,,0.41,,-5.25,-2.77,-8.02,94.17,105.08,-10.91
271,Mount St. Mary's,NEC,,14,16,66.1,65.3,0.87,,-7.2,,-9.71,1.51,-8.2,93.57,104.39,-10.82
272,North Florida,A-Sun (East),,11,20,68.5,71.2,-2.65,,0.08,,-4.67,-3.68,-8.35,94.45,105.71,-11.25
273,Loyola (MD),Patriot,,14,16,66.1,65.7,0.47,,-7.95,,-8.11,-0.29,-8.4,94.36,105.85,-11.49
274,Lipscomb,A-Sun (West),,14,19,74.0,76.8,-2.85,,-3.29,,-0.06,-8.36,-8.42,100.62,111.44,-10.83
275,Presbyterian,Big South (South),,12,20,67.8,67.9,-0.13,,-3.65,,-7.42,-1.06,-8.47,93.66,105.26,-11.6
276,Utah Tech,WAC,,13,18,72.5,74.1,-1.58,,-0.53,,-2.09,-6.44,-8.53,93.87,104.61,-10.74
277,Alcorn State,SWAC,,17,17,66.5,71.1,-4.56,,-4.12,,-4.9,-3.78,-8.68,94.77,106.39,-11.62
278,Louisiana-Monroe,Sun Belt,,13,18,72.5,74.3,-1.87,,-2.59,,-1.6,-7.1,-8.7,98.58,110.5,-11.92
279,Illinois-Chicago,Horizon,,14,16,72.0,72.9,-0.97,,-6.37,,-0.7,-8.09,-8.78,97.37,110.13,-12.76
280,Bowling Green State,MAC,,13,18,80.3,80.5,-0.23,,-4.44,,5.04,-13.86,-8.82,100.94,112.81,-11.87
281,South Carolina Upstate,Big South (South),,15,17,71.5,73.2,-1.69,,-4.11,,-1.25,-7.76,-9.01,99.14,111.06,-11.92
282,Southeastern Louisiana,Southland,,19,15,78.8,77.7,1.06,,-5.77,,1.05,-10.08,-9.03,100.27,111.95,-11.68
283,Radford,Big South (North),,11,18,63.2,67.4,-4.24,,-3.9,,-9.49,0.26,-9.23,92.42,105.57,-13.16
284,Tennessee State,OVC,,14,18,71.3,70.2,1.13,,-7.31,,-4.9,-4.44,-9.34,95.37,107.98,-12.61
285,Albany (NY),AEC,,13,18,61.8,65.9,-4.03,,-5.77,,-10.79,0.98,-9.8,89.16,102.63,-13.47
286,North Carolina A&T,Big South (North),,12,20,67.7,70.3,-2.59,,-4.46,,-5.2,-4.71,-9.91,94.82,108.43,-13.61
287,Austin Peay,OVC,,12,17,64.7,69.1,-4.45,,-3.39,,-8.58,-1.43,-10.02,93.15,107.58,-14.43
288,Hartford,AEC,,12,20,69.8,72.2,-2.34,,-7.69,,-2.84,-7.19,-10.03,98.69,112.66,-13.97
289,Jackson State,SWAC,,11,19,61.0,65.5,-4.5,,-5.6,,-12.31,2.21,-10.1,89.71,103.01,-13.3
290,Denver,Summit,,11,21,70.5,74.4,-3.84,,-5.96,,-4.09,-6.04,-10.12,97.07,111.09,-14.02
291,Texas-Rio Grande Valley,WAC,,8,23,71.4,78.6,-7.29,,-1.28,,1.21,-11.39,-10.18,97.83,111.29,-13.46
292,Stetson,A-Sun (East),,11,19,69.7,71.5,-1.8,,-4.07,,-5.94,-4.39,-10.34,94.47,109.21,-14.74
293,SIU Edwardsville,OVC,,11,21,67.5,69.9,-2.41,,-4.71,,-5.67,-4.71,-10.37,91.45,105.26,-13.81
294,Binghamton,AEC,,12,17,67.7,68.4,-0.72,,-6.18,,-7.18,-3.22,-10.41,91.47,106.26,-14.79
295,UTSA,CUSA (West),,10,22,67.3,72.3,-5.0,,-1.49,,-5.12,-5.33,-10.46,92.8,107.25,-14.45
296,Prairie View,SWAC,,8,19,69.5,76.3,-6.81,,-3.66,,-1.46,-9.01,-10.47,95.3,108.56,-13.26
297,Western Carolina,Southern,,11,21,70.7,77.3,-6.59,,-1.9,,-2.57,-7.91,-10.48,96.79,111.19,-14.4
298,Northern Illinois,MAC,,9,21,64.1,71.5,-7.43,,-3.07,,-8.6,-1.9,-10.5,90.53,104.86,-14.33
299,Army,Patriot,,15,16,70.4,70.4,0.03,,-7.53,,-3.94,-6.59,-10.53,93.75,107.9,-14.15
300,Cal Poly,Big West,,7,21,61.5,67.3,-5.86,,-3.3,,-9.85,-0.74,-10.6,90.53,105.93,-15.39
301,Lehigh,Patriot,,13,19,68.4,71.4,-2.94,,-7.56,,-4.11,-6.71,-10.82,94.8,110.29,-15.49
302,Eastern Michigan,MAC,,10,21,69.1,76.0,-6.87,,-3.03,,-3.42,-7.44,-10.86,91.93,107.0,-15.07
303,Merrimack,NEC,,14,16,61.4,64.4,-2.93,,-6.82,,-12.89,2.03,-10.86,90.65,106.27,-15.62
304,Evansville,MVC,,6,24,59.2,70.7,-11.57,,1.4,,-10.24,-0.71,-10.95,91.24,108.35,-17.11
305,Tennessee-Martin,OVC,,8,22,68.9,73.5,-4.63,,-3.02,,-4.95,-6.18,-11.13,92.69,107.73,-15.04
306,St. Thomas,Summit,,10,20,74.7,75.3,-0.63,,-5.59,,-1.87,-9.27,-11.15,103.93,119.71,-15.78
307,North Alabama,A-Sun (West),,9,21,69.4,68.5,0.83,,-3.21,,-9.34,-1.99,-11.33,88.89,104.25,-15.36
308,North Carolina Central,MEAC,,16,15,72.8,68.4,4.39,,-7.47,,-5.94,-5.45,-11.39,92.74,107.78,-15.04
309,McNeese State,Southland,,11,22,78.2,77.4,0.73,,-5.04,,-0.84,-10.92,-11.76,95.25,110.36,-15.11
310,Cal State Northridge,Big West,,7,23,61.6,71.2,-9.67,,-1.41,,-8.79,-3.23,-12.02,92.28,110.16,-17.88
311,Alabama State,SWAC,,10,21,69.7,75.2,-5.55,,-5.45,,-3.13,-8.92,-12.05,94.44,110.39,-15.94
312,Florida A&M,SWAC,,13,17,65.1,68.8,-3.73,,-6.7,,-9.0,-3.06,-12.05,92.48,108.91,-16.43
313,Little Rock,Sun Belt,,9,19,66.7,73.1,-6.39,,-0.73,,-4.9,-7.14,-12.05,95.61,113.02,-17.42
314,Sacramento State,Big Sky,,11,18,65.4,70.2,-4.72,,-5.36,,-9.89,-2.17,-12.06,92.35,109.61,-17.25
315,Grambling,SWAC,,12,20,65.4,71.0,-5.66,,-5.08,,-6.45,-5.9,-12.35,91.45,107.94,-16.5
316,Robert Morris,Horizon,,8,24,69.4,74.7,-5.31,,-5.47,,-4.53,-7.97,-12.5,95.98,113.71,-17.73
317,Central Michigan,MAC,,7,23,65.9,77.0,-11.03,,-1.52,,-5.98,-6.58,-12.56,93.18,110.29,-17.11
318,Lafayette,Patriot,,10,20,67.8,72.8,-5.03,,-6.67,,-6.98,-5.62,-12.6,95.34,112.87,-17.53
319,Morgan State,MEAC,,13,15,75.0,72.3,2.68,,-8.12,,-3.86,-8.76,-12.62,90.33,106.66,-16.34
320,Coppin State,MEAC,,9,23,66.9,74.7,-7.75,,-5.03,,-5.21,-7.57,-12.78,89.77,106.43,-16.66
321,South Carolina State,MEAC,,15,16,71.8,72.5,-0.71,,-8.39,,-5.4,-7.64,-13.04,90.06,106.81,-16.75
322,Maryland-Eastern Shore,MEAC,,11,16,65.9,66.4,-0.52,,-7.14,,-10.68,-2.42,-13.1,87.49,105.22,-17.72
323,Idaho,Big Sky,,9,22,73.0,79.6,-6.61,,-4.78,,-0.7,-12.49,-13.19,96.85,114.91,-18.06
324,Milwaukee,Horizon,,10,22,64.8,70.8,-5.97,,-6.32,,-9.03,-4.16,-13.19,90.39,109.21,-18.82
325,Sacred Heart,NEC,,10,20,72.7,75.1,-2.47,,-8.79,,-2.8,-10.62,-13.41,98.03,116.91,-18.89
326,St. Francis (NY),NEC,,10,20,67.2,70.5,-3.3,,-7.93,,-8.22,-5.27,-13.49,91.45,110.09,-18.64
327,Northern Arizona,Big Sky,,9,23,67.5,73.3,-5.81,,-4.1,,-8.54,-4.96,-13.5,92.91,112.47,-19.56
328,Western Michigan,MAC,,8,23,65.4,75.1,-9.74,,-2.3,,-8.41,-5.1,-13.51,93.9,112.88,-18.97
329,Hampton,Big South (North),,9,19,64.8,69.5,-4.71,,-6.0,,-8.32,-5.23,-13.54,88.63,107.34,-18.72
330,Southern Mississippi,CUSA (West),,7,26,64.4,74.9,-10.45,,-0.38,,-6.95,-6.63,-13.58,92.72,111.81,-19.09
331,Central Arkansas,A-Sun (West),,11,20,73.2,81.1,-7.94,,-1.7,,-0.21,-13.62,-13.83,95.36,113.45,-18.08
332,Green Bay,Horizon,,5,25,61.7,68.9,-7.2,,-5.44,,-11.2,-2.69,-13.89,90.39,111.06,-20.67
333,William & Mary,CAA,,5,27,63.9,74.4,-10.5,,-1.88,,-7.73,-6.18,-13.91,88.16,107.83,-19.67
334,Northwestern State,Southland,,9,23,73.8,80.4,-6.56,,-3.2,,-1.41,-12.66,-14.06,95.63,113.75,-18.12
335,Chicago State,WAC,,7,25,62.1,74.4,-12.28,,-1.96,,-7.9,-6.35,-14.24,92.89,112.75,-19.86
336,Alabama A&M,SWAC,,12,18,61.4,67.0,-5.57,,-8.86,,-13.24,-1.19,-14.43,83.4,102.62,-19.22
337,Houston Christian,Southland,,11,18,75.5,76.6,-1.03,,-6.71,,-3.88,-10.59,-14.47,93.01,113.21,-20.2
338,Saint Francis (PA),NEC,,9,21,68.6,73.5,-4.9,,-7.91,,-6.86,-7.71,-14.57,91.6,112.46,-20.86
339,Bucknell,Patriot,,9,23,71.2,79.4,-8.25,,-6.37,,-1.9,-12.72,-14.62,97.08,117.66,-20.59
340,NJIT,AEC,,11,18,63.0,70.0,-7.03,,-6.17,,-10.39,-4.24,-14.63,87.91,108.96,-21.05
341,Bethune-Cookman,SWAC,,9,21,63.4,69.5,-6.17,,-6.7,,-9.96,-4.73,-14.7,90.03,110.86,-20.83
342,Idaho State,Big Sky,,7,23,64.4,71.5,-7.17,,-5.28,,-11.54,-3.43,-14.96,90.26,112.0,-21.74
343,American,Patriot,,10,22,63.5,70.9,-7.47,,-7.91,,-10.41,-4.97,-15.38,90.89,112.78,-21.89
344,Lamar,WAC,,2,27,61.3,73.0,-11.66,,-2.6,,-10.15,-5.71,-15.86,89.29,111.65,-22.36
345,North Dakota,Summit,,6,25,70.3,78.8,-8.58,,-5.26,,-5.7,-10.88,-16.57,93.82,117.12,-23.3
346,Holy Cross,Patriot,,9,22,65.2,70.7,-5.48,,-7.87,,-10.12,-6.72,-16.84,88.64,112.87,-24.23
347,Omaha,Summit,,5,25,69.6,83.5,-13.9,,-2.27,,-3.72,-13.28,-16.99,94.58,118.11,-23.53
348,Incarnate Word,Southland,,7,25,67.0,76.4,-9.38,,-4.34,,-9.91,-7.12,-17.03,92.75,116.51,-23.76
349,Central Connecticut State,NEC,,8,24,61.8,72.1,-10.34,,-7.09,,-12.09,-5.34,-17.43,87.52,112.28,-24.76
350,Columbia,Ivy,,4,22,67.4,78.8,-11.42,,-4.62,,-6.02,-11.48,-17.5,90.56,114.6,-24.04
351,Charleston Southern,Big South (South),,6,25,68.5,76.0,-7.55,,-4.21,,-7.82,-9.74,-17.56,89.64,113.22,-23.58
352,Fairleigh Dickinson,NEC,,4,22,67.2,79.2,-11.92,,-6.21,,-5.7,-12.43,-18.13,91.21,116.26,-25.05
353,Maine,AEC,,6,23,62.4,71.1,-8.69,,-5.34,,-10.86,-7.52,-18.38,88.64,114.84,-26.19
354,Arkansas-Pine Bluff,SWAC,,7,24,66.3,78.3,-11.97,,-4.58,,-6.52,-12.45,-18.96,92.48,118.6,-26.12
355,Eastern Illinois,OVC,,5,26,56.3,71.1,-14.81,,-3.97,,-18.06,-3.01,-21.07,80.74,111.15,-30.42
356,Mississippi Valley State,SWAC,,2,26,67.2,83.0,-15.75,,-6.4,,-5.49,-16.66,-22.15,88.57,117.62,-29.05
357,Delaware State,MEAC,,2,26,62.8,73.5,-10.75,,-7.39,,-13.23,-9.4,-22.63,82.91,113.8,-30.88
358,IUPUI,Horizon,,3,26,52.4,67.1,-14.69,,-6.5,,-21.9,-1.72,-23.61,76.43,112.51,-36.08
