Rk,School,G,W,L,W-L%,SRS,SOS,,W,L,,W,L,,W,L,,Tm.,Opp.,,MP,FG,FGA,FG%,3P,3PA,3P%,FT,FTA,FT%,ORB,TRB,AST,STL,BLK,TOV,PF
1,Air Force,32,16,16,.500,2.71,3.31,,6,10,,12,5,,3,11,,2074,2082,,1295,705,1737,.406,266,788,.338,406,567,.716,381,1110,449,174,100,407,587
2,Akron NCAA,36,23,13,.639,2.15,-1.02,,9,7,,14,2,,5,9,,2524,2365,,1465,832,2004,.415,194,606,.320,507,768,.660,425,1345,425,216,85,514,655
3,Alabama,37,25,12,.676,11.70,4.27,,12,4,,19,0,,4,6,,2473,2198,,1490,758,1965,.386,200,629,.318,482,713,.676,450,1238,380,221,142,581,600
4,Alabama A&M,28,13,15,.464,-15.19,-11.75,,10,8,,9,4,,4,10,,1808,1870,,1125,658,1594,.413,141,441,.320,413,662,.624,360,1109,363,221,117,465,565
5,Alabama State NCAA,35,17,18,.486,-13.37,-10.31,,11,7,,10,3,,4,14,,2146,2234,,1410,715,1773,.403,180,525,.343,624,913,.683,406,1235,400,262,86,545,722
6,Albany (NY),32,16,16,.500,-7.05,-5.96,,9,7,,7,6,,7,8,,2013,2048,,1305,744,1809,.411,240,730,.329,320,502,.637,383,1077,441,206,106,334,538
7,Alcorn State,28,4,24,.143,-23.02,-8.02,,4,14,,2,7,,2,17,,1838,2258,,1125,793,1794,.442,178,555,.321,494,756,.653,424,1288,479,236,133,424,621
8,American,31,22,9,.710,-3.13,-5.64,,11,3,,10,3,,10,5,,2051,1973,,1260,679,1614,.421,175,485,.361,440,604,.728,268,948,352,169,65,321,584
9,Appalachian State,31,16,15,.516,-4.81,-2.95,,10,8,,9,3,,6,8,,2265,2269,,1245,841,1822,.462,197,579,.340,390,564,.691,329,1070,441,196,77,382,598
10,Arizona NCAA,38,30,8,.789,16.54,7.99,,14,4,,17,0,,7,4,,2905,2580,,1540,940,2115,.444,175,598,.293,525,774,.678,375,1167,496,225,129,475,753
11,Arizona State,31,12,19,.387,4.30,7.20,,4,14,,8,7,,2,10,,1983,2073,,1245,708,1652,.429,205,593,.346,452,649,.696,345,1102,446,203,106,398,491
12,Arkansas,31,18,13,.581,6.28,2.34,,7,9,,15,3,,2,7,,2191,2069,,1260,747,1813,.412,160,508,.315,415,571,.727,404,1153,370,184,145,446,579
13,Arkansas State,32,17,15,.531,-3.38,-3.31,,11,5,,13,0,,4,10,,2188,2066,,1285,711,1696,.419,185,532,.348,459,670,.685,323,1029,349,194,117,421,628
14,Arkansas-Pine Bluff,31,7,24,.226,-20.00,-8.03,,7,11,,5,4,,2,19,,1850,2221,,1255,728,1576,.462,195,526,.371,570,873,.653,316,1127,466,244,127,479,577
15,Army,30,11,19,.367,-10.71,-6.58,,3,11,,4,8,,7,10,,2038,2141,,1200,728,1632,.446,214,589,.363,471,678,.695,320,1072,428,176,113,419,526
16,Auburn,31,11,20,.355,-2.47,2.40,,4,12,,9,11,,2,7,,1933,2051,,1255,674,1583,.426,220,654,.336,483,714,.676,345,1095,414,216,146,477,586
17,Austin Peay,34,20,14,.588,-0.15,-3.77,,13,5,,10,3,,8,9,,2510,2279,,1390,808,1902,.425,207,650,.318,456,683,.668,411,1186,451,235,123,566,677
18,Ball State,32,19,13,.594,-0.70,-3.40,,10,6,,11,3,,6,9,,2164,2049,,1295,740,1747,.424,192,586,.328,377,569,.663,365,1064,404,187,112,443,682
19,Baylor,31,18,13,.581,10.00,4.80,,7,9,,15,3,,2,6,,2154,1984,,1245,695,1660,.419,195,564,.346,399,580,.688,329,953,374,250,77,459,602
20,Belmont NCAA,35,30,5,.857,13.07,-4.42,,19,1,,12,0,,12,4,,2790,2178,,1410,721,1764,.409,183,545,.336,553,815,.679,382,1137,386,240,154,665,718
21,Bethune-Cookman,34,21,13,.618,-11.11,-8.04,,13,3,,11,3,,9,7,,2241,2240,,1390,786,1707,.460,180,521,.345,488,750,.651,348,1108,373,184,120,492,601
22,Binghamton,31,8,23,.258,-13.81,-5.35,,4,12,,3,10,,4,12,,1861,2123,,1250,775,1721,.450,222,583,.381,351,504,.696,382,1119,404,172,103,342,468
23,Boise State,35,22,13,.629,5.48,0.01,,10,6,,12,4,,9,7,,2594,2382,,1430,807,1760,.459,220,582,.378,548,769,.713,295,1138,409,182,124,608,697
24,Boston College,34,21,13,.618,9.78,7.31,,9,7,,12,5,,5,6,,2440,2356,,1360,875,1965,.445,244,691,.353,360,508,.709,383,1116,452,171,111,354,557
25,Boston University NCAA,35,21,14,.600,-2.48,-3.85,,12,4,,12,2,,4,10,,2270,2222,,1405,783,1964,.399,239,736,.325,417,592,.704,435,1237,422,173,122,397,643
26,Bowling Green State,33,14,19,.424,-5.94,-2.03,,8,8,,10,5,,4,11,,2116,2215,,1335,772,1743,.443,228,648,.352,443,662,.669,365,1184,510,225,103,508,519
27,Bradley,32,12,20,.375,-1.52,1.67,,4,14,,8,8,,2,10,,2076,2164,,1285,742,1716,.432,218,651,.335,462,640,.722,321,1123,481,177,94,413,574
28,Brigham Young NCAA,37,32,5,.865,18.65,5.76,,14,2,,13,1,,10,1,,3012,2512,,1495,902,2174,.415,218,666,.327,490,711,.689,395,1320,464,215,124,533,718
29,Brown,28,11,17,.393,-7.27,-4.12,,4,10,,8,5,,3,12,,2002,2054,,1125,755,1690,.447,188,542,.347,356,513,.694,288,1017,383,181,98,307,514
30,Bryant,30,9,21,.300,-12.98,-3.12,,7,11,,5,8,,3,12,,2001,2258,,1215,788,1713,.460,250,641,.390,432,611,.707,353,1117,489,201,95,374,509
31,Bucknell NCAA,34,25,9,.735,2.39,-3.87,,13,1,,14,1,,10,6,,2387,2174,,1365,747,1888,.396,219,691,.317,461,661,.697,359,1162,422,186,89,400,594
32,Buffalo,34,20,14,.588,2.93,-2.22,,8,8,,13,3,,7,10,,2399,2197,,1370,768,1844,.416,204,562,.363,457,685,.667,397,1089,448,248,79,518,623
33,Butler NCAA,38,28,10,.737,11.53,5.02,,13,5,,12,2,,7,6,,2707,2437,,1540,845,1994,.424,229,707,.324,518,771,.672,351,1220,409,201,112,472,747
34,Cal Poly,30,15,15,.500,-1.84,-2.39,,10,6,,7,5,,8,9,,1779,1766,,1205,591,1479,.400,146,508,.287,438,619,.708,313,1019,320,175,128,404,530
35,Cal State Bakersfield,28,9,19,.321,-11.44,-2.16,,,,,7,8,,2,11,,1907,2167,,1131,773,1605,.482,155,448,.346,466,636,.733,331,1091,414,177,75,390,502
36,Cal State Fullerton,31,11,20,.355,-7.68,-2.81,,7,9,,7,5,,4,12,,2208,2326,,1245,767,1709,.449,252,680,.371,540,744,.726,338,1049,444,171,108,409,580
37,Cal State Northridge,32,14,18,.438,-5.35,-1.55,,9,7,,7,5,,5,10,,2232,2280,,1280,717,1663,.431,204,612,.333,642,927,.693,355,1095,425,228,88,480,685
38,California,33,18,15,.545,9.45,9.17,,10,8,,12,6,,5,6,,2391,2382,,1345,836,1919,.436,263,723,.364,447,648,.690,340,1083,429,186,94,417,720
39,Campbell,31,12,19,.387,-6.67,-4.27,,6,14,,7,7,,4,10,,2032,2091,,1245,668,1567,.426,209,555,.377,546,782,.698,355,1027,423,197,137,454,586
40,Canisius,30,15,15,.500,-2.92,-3.55,,9,9,,10,4,,5,10,,2043,2024,,1200,693,1681,.412,180,530,.340,458,662,.692,387,1092,396,193,94,408,499
41,Centenary (LA),30,1,29,.033,-25.21,-2.85,,1,17,,1,10,,0,19,,1775,2422,,1200,835,1699,.491,204,580,.352,548,812,.675,386,1163,476,289,130,440,617
42,Central Arkansas,29,5,24,.172,-19.16,-5.39,,1,15,,4,9,,0,14,,1984,2216,,1165,798,1649,.484,174,506,.344,446,633,.705,325,1076,463,205,136,483,592
43,Central Connecticut State,31,19,12,.613,-1.94,-5.97,,11,7,,12,2,,6,10,,2170,2045,,1255,733,1751,.419,182,568,.320,397,584,.680,394,1076,359,192,96,494,580
44,Central Florida,33,21,12,.636,6.25,1.97,,6,10,,15,4,,4,7,,2271,2080,,1320,751,1832,.410,190,538,.353,388,592,.655,388,1079,405,227,105,427,664
45,Central Michigan,31,10,21,.323,-8.01,-2.41,,7,9,,6,7,,3,13,,1841,2006,,1255,675,1480,.456,138,380,.363,518,778,.666,281,1064,337,181,124,459,547
46,Charleston Southern,32,16,16,.500,-4.86,-4.57,,9,9,,12,2,,3,12,,2362,2197,,1285,790,1762,.448,183,553,.331,434,645,.673,349,1056,393,233,110,493,554
47,Charlotte,30,10,20,.333,-2.54,1.89,,2,14,,6,7,,2,11,,1997,2130,,1250,769,1769,.435,194,636,.305,398,560,.711,330,1040,424,219,107,350,566
48,Chattanooga,32,16,16,.500,-9.44,-2.67,,12,6,,10,6,,6,10,,2274,2380,,1295,829,1887,.439,301,871,.346,421,615,.685,301,1131,520,245,84,418,649
49,Chicago State,32,6,26,.188,-27.71,-4.88,,3,9,,4,6,,1,17,,2128,2772,,1295,923,1949,.474,276,734,.376,632,934,.677,418,1330,590,250,122,442,619
50,Cincinnati NCAA,35,26,9,.743,15.41,6.10,,11,7,,15,3,,7,4,,2412,2086,,1405,735,1790,.411,171,529,.323,445,633,.703,351,1088,405,205,100,492,630
51,Clemson NCAA,34,22,12,.647,13.76,6.58,,9,7,,15,2,,3,7,,2330,2086,,1370,724,1801,.402,193,583,.331,445,627,.710,382,1122,382,226,105,516,641
52,Cleveland State,36,27,9,.750,7.59,1.74,,13,5,,17,3,,9,5,,2556,2291,,1440,786,1900,.414,190,587,.324,529,778,.680,411,1257,456,194,145,529,680
53,Coastal Carolina,34,28,6,.824,2.35,-5.15,,16,2,,15,3,,10,2,,2597,2178,,1375,796,2011,.396,242,705,.343,344,517,.665,383,1099,362,206,114,458,685
54,Colgate,30,7,23,.233,-15.80,-5.03,,4,10,,3,9,,4,14,,1947,2270,,1215,763,1668,.457,190,561,.339,554,747,.742,309,1023,430,231,107,348,549
55,College of Charleston,37,26,11,.703,6.17,-1.05,,14,4,,13,1,,10,8,,2821,2554,,1480,969,2218,.437,213,627,.340,403,600,.672,479,1307,473,228,72,482,596
56,Colorado,38,24,14,.632,11.45,5.61,,8,8,,18,2,,3,9,,3025,2787,,1535,990,2213,.447,253,696,.364,554,785,.706,440,1261,536,236,125,511,744
57,Colorado State,32,19,13,.594,7.49,5.26,,9,7,,9,5,,6,5,,2279,2166,,1285,750,1747,.429,201,602,.334,465,662,.702,336,1044,384,201,109,443,618
58,Columbia,28,15,13,.536,-5.22,-4.81,,6,8,,10,4,,5,9,,1982,1988,,1130,704,1540,.457,148,406,.365,432,596,.725,248,927,365,172,91,357,493
59,Connecticut NCAA,41,32,9,.780,17.95,10.44,,9,9,,13,4,,5,5,,2967,2659,,1670,973,2478,.393,261,798,.327,452,665,.680,546,1447,501,250,143,472,742
60,Coppin State,30,16,14,.533,-8.70,-7.66,,11,5,,11,3,,5,10,,2175,2169,,1220,756,1772,.427,229,686,.334,428,629,.680,384,1139,421,188,118,445,544
61,Cornell,28,10,18,.357,-3.60,-1.60,,6,8,,6,6,,3,11,,1906,1962,,1125,665,1458,.456,166,483,.344,466,645,.722,284,1002,385,154,105,384,482
62,Creighton,39,23,16,.590,4.87,1.41,,10,8,,19,3,,3,11,,2684,2549,,1565,958,2209,.434,239,691,.346,394,581,.678,372,1200,490,242,111,373,697
63,Dartmouth,28,5,23,.179,-14.86,-3.39,,1,13,,3,8,,2,15,,1667,1988,,1126,689,1529,.451,217,587,.370,393,559,.703,326,1062,385,192,115,395,478
64,Davidson,33,18,15,.545,-0.39,-2.17,,10,8,,10,3,,5,10,,2392,2266,,1320,753,1740,.433,161,482,.334,599,850,.705,323,1073,340,200,124,428,659
65,Dayton,36,22,14,.611,4.87,3.20,,7,9,,14,5,,6,6,,2413,2353,,1455,806,1946,.414,237,733,.323,504,747,.675,360,1220,457,176,131,450,638
66,Delaware,31,14,17,.452,-3.79,-0.11,,8,10,,6,6,,7,9,,1951,2065,,1250,711,1684,.422,144,468,.308,499,701,.712,351,1092,333,179,90,294,569
67,Delaware State,30,9,21,.300,-12.18,-6.39,,5,11,,6,4,,3,16,,1874,1967,,1210,735,1494,.492,145,400,.363,352,524,.672,356,1050,395,147,87,464,443
68,Denver,30,13,17,.433,-4.04,-3.48,,9,7,,11,4,,2,10,,1800,1817,,1220,577,1264,.456,119,291,.409,544,787,.691,259,890,231,161,87,419,551
69,DePaul,31,7,24,.226,-1.31,7.53,,1,17,,6,11,,1,9,,2104,2378,,1255,873,1743,.501,141,403,.350,491,686,.716,384,1176,498,199,129,477,529
70,Detroit Mercy,33,17,16,.515,1.88,0.91,,10,8,,11,4,,6,11,,2459,2397,,1340,856,2007,.427,242,725,.334,443,651,.680,422,1122,443,256,123,472,693
71,Drake,31,13,18,.419,-2.56,0.76,,7,11,,10,5,,2,10,,1997,2100,,1245,748,1664,.450,172,525,.328,432,602,.718,315,1103,391,202,74,408,576
72,Drexel,31,21,10,.677,4.02,-0.01,,11,7,,12,2,,7,7,,1975,1850,,1245,652,1630,.400,125,438,.285,421,613,.687,255,956,295,165,158,311,578
73,Duke NCAA,37,32,5,.865,24.51,8.32,,13,3,,17,0,,6,4,,2993,2394,,1480,896,2212,.405,176,543,.324,426,655,.650,473,1299,438,219,105,545,745
74,Duquesne,32,19,13,.594,10.33,1.49,,10,6,,10,2,,8,7,,2494,2177,,1295,759,1781,.426,195,581,.336,464,686,.676,437,1220,409,185,121,643,686
75,East Carolina,34,18,16,.529,1.67,2.99,,8,8,,11,5,,4,7,,2319,2288,,1370,799,1863,.429,209,630,.332,481,722,.666,419,1208,440,215,122,466,706
76,East Tennessee State,36,24,12,.667,2.08,-2.12,,16,4,,13,2,,9,7,,2515,2320,,1450,803,1983,.405,259,765,.339,455,686,.663,429,1220,429,201,126,501,740
77,Eastern Illinois,29,9,20,.310,-11.41,-4.89,,4,14,,5,9,,4,11,,1749,1875,,1165,635,1514,.419,200,563,.355,405,587,.690,293,938,391,188,83,365,482
78,Eastern Kentucky,31,15,16,.484,-7.34,-6.48,,9,9,,8,5,,6,9,,2046,1957,,1250,681,1522,.447,172,475,.362,423,619,.683,304,997,389,165,96,434,524
79,Eastern Michigan,31,9,22,.290,-9.11,-3.11,,5,11,,7,6,,1,13,,1906,2030,,1245,697,1635,.426,159,466,.341,477,690,.691,299,1122,387,218,88,426,551
80,Eastern Washington,30,10,20,.333,-8.50,-2.22,,7,9,,8,6,,2,14,,2023,2119,,1210,704,1607,.438,169,488,.346,542,742,.730,341,1060,403,212,117,391,562
81,Elon,31,14,17,.452,-6.54,-3.32,,7,11,,8,5,,5,9,,2301,2301,,1240,827,1791,.462,206,541,.381,441,657,.671,350,1152,389,183,94,427,624
82,Evansville,32,16,16,.500,-0.30,1.80,,9,9,,13,3,,3,12,,2122,2147,,1285,730,1614,.452,201,575,.350,486,696,.698,294,1043,419,188,125,473,697
83,Fairfield,33,25,8,.758,2.94,-3.91,,15,3,,13,3,,10,4,,2150,1924,,1325,703,1756,.400,162,507,.320,356,553,.644,370,1111,318,235,152,524,601
84,Fairleigh Dickinson,29,5,24,.172,-13.34,-5.00,,3,15,,3,11,,2,13,,1866,2108,,1180,736,1690,.436,193,526,.367,443,641,.691,342,1072,424,199,133,322,540
85,Florida NCAA,37,29,8,.784,16.27,7.57,,13,3,,14,3,,8,2,,2667,2345,,1515,872,2075,.420,214,689,.311,387,576,.672,393,1181,421,227,117,461,677
86,Florida A&M,32,12,20,.375,-16.82,-8.71,,7,9,,11,3,,1,16,,2055,2196,,1300,769,1855,.415,185,543,.341,473,713,.663,422,1208,385,255,91,472,607
87,Florida Atlantic,32,21,11,.656,-2.41,-2.61,,13,3,,10,3,,9,7,,2191,2137,,1290,743,1727,.430,175,492,.356,476,673,.707,372,1110,332,171,105,406,617
88,Florida Gulf Coast,30,10,20,.333,-10.27,-3.11,,7,13,,6,8,,4,12,,1970,2185,,1215,765,1707,.448,251,681,.369,404,603,.670,341,1068,434,251,96,451,618
89,Florida International,30,11,19,.367,-9.33,-4.23,,5,11,,8,7,,2,11,,2150,2262,,1220,766,1712,.447,224,645,.347,506,718,.705,394,1113,415,205,126,458,641
90,Florida State NCAA,34,23,11,.676,13.48,6.45,,11,5,,12,3,,8,5,,2348,2109,,1365,696,1918,.363,233,761,.306,484,696,.695,403,1167,383,251,109,516,675
91,Fordham,28,7,21,.250,-8.77,1.01,,1,15,,6,6,,1,10,,1795,2069,,1120,727,1678,.433,208,598,.348,407,597,.682,351,1061,432,199,96,294,487
92,Fresno State,31,14,17,.452,-0.25,0.58,,6,10,,11,5,,3,11,,2096,2089,,1245,727,1678,.433,193,547,.353,442,653,.677,331,1081,398,201,92,431,561
93,Furman,33,22,11,.667,-0.36,-3.65,,12,6,,11,2,,9,8,,2271,2124,,1330,731,1727,.423,181,550,.329,481,703,.684,352,1040,357,195,78,411,655
94,Gardner-Webb,32,11,21,.344,-9.22,-2.72,,6,12,,6,5,,3,16,,1985,2129,,1285,729,1653,.441,208,551,.377,463,645,.718,297,1072,407,227,115,461,553
95,George Mason NCAA,34,27,7,.794,11.66,1.37,,16,2,,14,0,,10,3,,2474,2124,,1375,761,1847,.412,201,616,.326,401,591,.679,376,1117,393,183,110,454,668
96,George Washington,31,17,14,.548,-0.10,0.36,,10,6,,9,7,,7,5,,2011,2025,,1245,693,1615,.429,223,611,.365,416,587,.709,333,1052,413,170,111,457,577
97,Georgetown NCAA,32,21,11,.656,14.61,10.39,,10,8,,10,4,,7,5,,2258,2123,,1285,737,1763,.418,176,522,.337,473,669,.707,361,999,393,226,122,363,544
98,Georgia NCAA,33,21,12,.636,10.43,6.13,,9,7,,12,4,,7,4,,2267,2125,,1350,741,1866,.397,190,596,.319,453,648,.699,388,1086,296,219,111,396,565
99,Georgia Southern,32,5,27,.156,-15.88,-3.13,,1,17,,5,10,,0,14,,2090,2423,,1290,823,1693,.486,214,586,.365,563,813,.692,341,1061,471,259,91,511,634
100,Georgia State,31,12,19,.387,-4.15,-1.92,,6,12,,8,6,,2,12,,1919,1988,,1265,627,1548,.405,178,539,.330,556,783,.710,330,1022,350,208,104,417,508
101,Georgia Tech,31,13,18,.419,6.42,5.68,,5,11,,10,6,,1,10,,2102,2079,,1250,701,1592,.440,196,517,.379,481,719,.669,290,1071,394,200,83,514,563
102,Gonzaga NCAA,35,25,10,.714,13.86,4.01,,11,3,,14,2,,6,4,,2684,2307,,1410,786,1947,.404,253,693,.365,482,685,.704,359,1086,373,228,100,503,717
103,Grambling,33,12,21,.364,-18.45,-10.45,,8,10,,4,6,,5,13,,1998,2262,,1340,783,1802,.435,158,464,.341,538,854,.630,368,1270,392,231,120,486,602
104,Green Bay,32,14,18,.438,-0.21,2.18,,8,10,,10,4,,4,12,,2154,2189,,1290,731,1632,.448,195,515,.379,532,738,.721,329,1047,406,191,114,468,608
105,Hampton NCAA,33,24,9,.727,-5.20,-8.77,,11,5,,8,3,,8,5,,2197,2070,,1340,719,1874,.384,180,567,.317,452,671,.674,449,1317,336,168,105,516,666
106,Hartford,31,11,20,.355,-10.04,-5.55,,7,9,,7,5,,3,13,,1857,1996,,1265,668,1529,.437,232,635,.365,428,594,.721,313,1161,387,156,97,505,494
107,Harvard,30,23,7,.767,4.88,-1.19,,12,3,,14,0,,9,6,,2144,1933,,1210,716,1654,.433,189,518,.365,312,425,.734,309,898,353,188,86,391,573
108,Hawaii,32,19,13,.594,0.51,-0.87,,8,8,,15,5,,4,6,,2216,2151,,1295,733,1883,.389,215,661,.325,470,678,.693,395,1092,396,224,91,417,656
109,High Point,31,12,19,.387,-12.82,-4.47,,7,11,,9,5,,3,13,,2050,2250,,1255,759,1660,.457,166,496,.335,566,805,.703,361,1134,375,235,121,468,615
110,Hofstra,33,21,12,.636,-0.03,0.13,,14,4,,10,3,,10,5,,2335,2300,,1335,815,1851,.440,216,573,.377,454,647,.702,412,1191,466,190,82,417,600
111,Holy Cross,29,8,21,.276,-6.38,-4.55,,7,7,,4,9,,4,12,,1949,2002,,1170,713,1661,.429,180,534,.337,396,560,.707,302,974,385,167,108,296,525
112,Houston,30,12,18,.400,-2.71,0.55,,4,12,,10,6,,2,11,,2061,2092,,1225,729,1726,.422,172,546,.315,462,669,.691,401,1069,393,206,107,386,597
113,Houston Christian,31,5,26,.161,-18.41,-8.72,,2,10,,4,8,,0,15,,2140,2429,,1250,829,1795,.462,222,620,.358,549,850,.646,426,1258,483,236,145,512,647
114,Howard,30,6,24,.200,-18.80,-7.30,,4,12,,6,9,,0,13,,1753,2098,,1200,712,1580,.451,214,590,.363,460,710,.648,343,1073,444,222,131,414,571
115,Idaho,32,18,14,.563,0.20,-0.64,,9,7,,10,5,,8,8,,2172,2134,,1296,761,1818,.419,209,638,.328,403,569,.708,378,1046,389,238,100,413,537
116,Idaho State,29,9,20,.310,-10.76,-1.87,,4,12,,7,5,,1,14,,1878,2096,,1175,713,1563,.456,218,567,.384,452,639,.707,326,1002,411,164,96,364,545
117,Illinois NCAA,34,20,14,.588,16.72,11.11,,9,9,,14,2,,3,7,,2413,2222,,1365,780,1931,.404,205,672,.305,457,632,.723,384,1122,415,191,95,413,551
118,Illinois State,31,12,19,.387,-3.37,-0.66,,4,14,,10,8,,2,10,,1893,1977,,1255,694,1622,.428,201,566,.355,388,561,.692,291,996,373,204,69,359,537
119,Illinois-Chicago,31,7,24,.226,-6.32,1.98,,2,16,,4,10,,1,14,,1943,2152,,1255,774,1720,.450,189,526,.359,415,612,.678,329,1013,410,214,99,380,544
120,Indiana,32,12,20,.375,9.03,7.65,,3,15,,12,6,,0,11,,2226,2182,,1285,703,1622,.433,202,555,.364,574,815,.704,317,1019,377,208,118,412,620
121,Indiana State NCAA,34,20,14,.588,3.41,2.90,,12,6,,10,3,,6,8,,2253,2192,,1380,713,1755,.406,194,585,.332,572,796,.719,348,1134,385,204,94,445,664
122,Iona,37,25,12,.676,7.01,-2.26,,13,5,,12,3,,11,6,,2922,2579,,1500,926,2094,.442,235,658,.357,492,716,.687,380,1255,460,238,128,544,709
123,Iowa,31,11,20,.355,7.95,8.79,,4,14,,8,8,,2,9,,2084,2110,,1250,768,1749,.439,212,639,.332,362,489,.740,340,1045,466,215,106,445,551
124,Iowa State,32,16,16,.500,8.86,4.55,,3,13,,13,6,,2,9,,2395,2257,,1295,823,1955,.421,217,645,.336,394,570,.691,399,1245,442,195,124,460,540
125,IUPUI,33,19,14,.576,0.39,-0.84,,12,6,,9,2,,7,9,,2364,2282,,1330,855,1809,.473,220,610,.361,352,506,.696,348,1028,468,177,94,396,554
126,Jackson State,32,17,15,.531,-10.43,-10.86,,12,6,,9,3,,7,11,,2096,2009,,1295,657,1524,.431,182,524,.347,513,788,.651,290,1038,342,240,105,542,659
127,Jacksonville,32,20,12,.625,-1.42,-3.68,,13,7,,11,2,,9,9,,2176,2094,,1305,704,1678,.420,172,535,.321,514,764,.673,351,1096,358,215,114,526,642
128,Jacksonville State,30,5,25,.167,-11.16,-5.41,,3,15,,2,9,,2,15,,1828,1974,,1215,664,1423,.467,141,397,.355,505,706,.715,305,977,372,207,87,455,514
129,James Madison,33,21,12,.636,2.94,-0.03,,10,8,,11,4,,10,7,,2355,2257,,1325,778,1818,.428,226,624,.362,475,663,.716,316,1065,412,194,116,395,655
130,Kansas NCAA,38,35,3,.921,24.10,7.62,,14,2,,16,1,,9,1,,3084,2458,,1525,862,2188,.394,225,756,.298,509,697,.730,397,1172,428,229,103,535,735
131,Kansas City,30,16,14,.533,-8.91,-4.46,,9,9,,11,4,,5,9,,2100,2217,,1230,784,1668,.470,193,524,.368,456,643,.709,324,1028,423,171,86,395,582
132,Kansas State NCAA,34,23,11,.676,14.59,8.41,,10,6,,16,1,,5,5,,2477,2249,,1360,751,1782,.421,178,507,.351,569,803,.709,350,1058,371,224,113,524,740
133,Kennesaw State,31,8,23,.258,-14.06,-3.29,,6,14,,6,8,,2,14,,2017,2320,,1265,857,1844,.465,204,551,.370,402,607,.662,416,1156,481,229,102,377,576
134,Kent State,37,25,12,.676,3.65,0.04,,12,4,,14,2,,7,9,,2626,2473,,1500,902,2148,.420,216,688,.314,453,691,.656,482,1351,496,225,150,520,668
135,Kentucky NCAA,38,29,9,.763,20.30,8.91,,10,6,,15,0,,3,7,,2845,2412,,1525,863,2188,.394,210,649,.324,476,658,.723,431,1285,419,201,132,457,695
136,La Salle,33,15,18,.455,-0.08,1.70,,6,10,,9,10,,5,5,,2536,2595,,1360,929,2069,.449,222,622,.357,515,734,.702,439,1212,522,250,175,458,605
137,Lafayette,32,13,19,.406,-7.26,-4.19,,6,8,,8,6,,5,13,,2237,2310,,1315,794,1768,.449,217,608,.357,505,715,.706,354,1148,417,182,101,440,618
138,Lamar,30,13,17,.433,-6.69,-5.96,,7,9,,8,5,,4,11,,2463,2279,,1200,781,1781,.439,175,534,.328,542,805,.673,354,1141,421,174,113,509,654
139,Lehigh,31,16,15,.516,-4.07,-5.69,,6,8,,9,5,,7,10,,2282,2232,,1255,777,1808,.430,207,574,.361,471,689,.684,358,1144,431,183,126,462,655
140,Liberty,32,19,13,.594,-5.62,-4.86,,13,5,,12,4,,5,9,,2165,2100,,1300,758,1774,.427,193,607,.318,391,630,.621,346,1051,399,206,106,453,592
141,Lipscomb,30,17,13,.567,-0.96,-2.65,,12,8,,10,2,,7,10,,2287,2213,,1215,779,1763,.442,205,624,.329,450,691,.651,351,1059,419,223,116,436,604
142,Little Rock NCAA,36,19,17,.528,-4.32,-2.97,,7,9,,10,5,,3,10,,2457,2426,,1455,811,1867,.434,222,658,.337,582,819,.711,376,1260,452,159,130,497,736
143,Long Beach State,34,22,12,.647,3.78,1.69,,14,2,,11,2,,7,7,,2489,2398,,1365,892,1998,.446,216,658,.328,398,591,.673,343,1157,452,232,103,460,677
144,Long Island University NCAA,33,27,6,.818,2.23,-5.77,,16,2,,14,2,,13,3,,2730,2466,,1331,942,2165,.435,208,701,.297,374,567,.660,428,1230,516,224,114,497,776
145,Longwood,31,12,19,.387,-16.02,-3.62,,,,,10,4,,1,14,,2364,2552,,1240,936,1933,.484,203,589,.345,477,693,.688,403,1218,503,200,84,423,554
146,Louisiana,29,14,15,.483,-5.45,-4.19,,11,5,,10,4,,4,10,,2055,2067,,1175,696,1593,.437,169,487,.347,506,717,.706,317,983,310,183,113,421,625
147,Louisiana State,32,11,21,.344,-2.09,2.26,,3,13,,8,10,,3,8,,1991,2130,,1290,730,1759,.415,174,531,.328,496,703,.706,400,1178,297,234,133,426,593
148,Louisiana Tech,32,12,20,.375,-5.99,-0.99,,2,14,,8,6,,2,14,,2051,2174,,1280,733,1716,.427,205,624,.329,503,725,.694,310,1081,402,259,91,437,627
149,Louisiana-Monroe,31,7,24,.226,-14.27,-3.96,,2,14,,4,9,,2,13,,1859,2126,,1240,734,1554,.472,214,556,.385,444,640,.694,284,976,419,197,89,399,539
150,Louisville NCAA,35,25,10,.714,18.60,8.20,,12,6,,19,2,,4,6,,2623,2259,,1425,762,1935,.394,199,639,.311,536,770,.696,455,1268,395,237,92,564,597
151,Loyola (IL),31,16,15,.516,1.73,-1.10,,7,11,,9,8,,7,7,,2153,2065,,1245,750,1676,.447,190,528,.360,375,566,.663,330,1017,412,198,109,423,561
152,Loyola (MD),30,15,15,.500,-3.28,-3.68,,10,8,,8,6,,7,8,,2023,2011,,1205,719,1600,.449,132,390,.338,441,637,.692,309,979,335,161,107,405,541
153,Loyola Marymount,32,11,21,.344,-2.79,0.27,,2,12,,7,7,,2,12,,2265,2312,,1305,811,1864,.435,198,559,.354,492,689,.714,369,1133,466,223,89,422,597
154,Maine,30,15,15,.500,-4.87,-5.84,,9,7,,7,7,,8,7,,2089,2010,,1215,701,1673,.419,219,594,.369,389,547,.711,333,992,404,173,90,361,532
155,Manhattan,31,6,25,.194,-11.66,-2.01,,3,15,,3,10,,3,11,,1862,2161,,1250,762,1725,.442,246,639,.385,391,600,.652,400,1123,478,214,115,379,537
156,Marist,33,6,27,.182,-13.70,-1.46,,3,15,,4,10,,1,15,,1979,2383,,1320,828,1900,.436,225,655,.344,502,714,.703,397,1242,463,253,137,358,598
157,Marquette NCAA,37,22,15,.595,14.89,8.51,,9,9,,14,4,,4,7,,2782,2546,,1485,939,2142,.438,260,727,.358,408,618,.660,433,1241,564,233,129,515,763
158,Marshall,34,22,12,.647,6.32,1.94,,9,7,,14,4,,6,7,,2499,2291,,1365,817,1939,.421,185,620,.298,472,720,.656,395,1136,398,212,112,436,764
159,Maryland,33,19,14,.576,15.00,5.76,,7,9,,14,4,,4,6,,2536,2231,,1320,805,1994,.404,210,649,.324,411,591,.695,402,1161,426,200,119,495,641
160,Maryland-Baltimore County,30,5,25,.167,-18.47,-4.27,,4,12,,3,10,,2,14,,1928,2354,,1220,785,1667,.471,266,691,.385,518,724,.715,341,1128,445,192,119,379,483
161,Maryland-Eastern Shore,31,9,22,.290,-19.35,-7.42,,5,11,,7,5,,1,16,,2096,2408,,1260,820,1737,.472,209,591,.354,559,807,.693,374,1195,466,239,113,472,591
162,Massachusetts,30,15,15,.500,-0.76,1.93,,7,9,,8,8,,4,6,,1988,2039,,1205,677,1682,.402,214,642,.333,471,701,.672,371,1108,408,190,131,413,573
163,McNeese State,33,21,12,.636,-4.70,-4.39,,11,5,,14,2,,4,9,,2446,2354,,1335,799,1854,.431,229,687,.333,527,788,.669,414,1207,402,202,99,466,632
164,Memphis NCAA,35,25,10,.714,6.91,3.14,,10,6,,17,2,,3,6,,2524,2392,,1415,828,1987,.417,205,622,.330,531,778,.683,445,1217,450,259,142,519,671
165,Mercer,33,15,18,.455,-4.08,-2.17,,11,9,,9,6,,4,10,,2220,2258,,1335,754,1735,.435,193,607,.318,557,804,.693,358,1158,381,248,112,509,706
166,Miami (FL),36,21,15,.583,10.47,6.42,,6,10,,13,4,,4,9,,2579,2433,,1450,833,1999,.417,245,693,.354,522,756,.690,400,1171,447,255,120,430,674
167,Miami (OH),33,16,17,.485,-1.58,3.04,,11,5,,12,4,,4,12,,2190,2319,,1355,836,1886,.443,223,605,.369,424,601,.705,369,1129,451,233,93,353,581
168,Michigan NCAA,35,21,14,.600,14.21,10.68,,9,9,,14,5,,5,5,,2328,2187,,1410,795,1854,.429,222,696,.319,375,553,.678,335,1178,451,150,100,409,580
169,Michigan State NCAA,34,19,15,.559,13.70,11.67,,9,9,,12,3,,3,8,,2338,2263,,1375,787,1861,.423,215,591,.364,474,716,.662,347,1119,404,217,112,411,607
170,Middle Tennessee,32,16,16,.500,-2.74,-4.45,,10,6,,10,4,,4,10,,2218,2121,,1305,662,1554,.426,185,530,.349,612,891,.687,322,1051,345,208,117,534,703
171,Milwaukee,33,19,14,.576,1.48,2.51,,13,5,,10,5,,8,8,,2266,2300,,1335,827,1841,.449,216,600,.360,430,604,.712,336,1103,410,227,104,416,691
172,Minnesota,31,17,14,.548,11.75,9.79,,6,12,,11,6,,3,7,,2137,2076,,1240,710,1780,.399,265,767,.346,391,521,.750,362,1021,456,210,93,355,616
173,Mississippi,34,20,14,.588,8.71,3.92,,7,9,,13,4,,4,8,,2513,2350,,1365,803,1889,.425,212,607,.349,532,740,.719,378,1144,480,203,115,440,611
174,Mississippi State,31,17,14,.548,3.38,3.77,,9,7,,12,5,,4,5,,2165,2177,,1245,799,1917,.417,232,689,.337,347,523,.663,389,1141,359,207,91,339,544
175,Mississippi Valley State,32,13,19,.406,-13.95,-7.48,,12,6,,7,2,,5,14,,2186,2393,,1290,801,1843,.435,186,582,.320,605,869,.696,360,1200,439,251,142,483,614
176,Missouri NCAA,34,23,11,.676,14.77,6.50,,8,8,,17,1,,2,7,,2748,2435,,1375,851,1943,.438,197,577,.341,536,775,.692,439,1266,460,198,96,614,647
177,Missouri State,35,26,9,.743,8.07,1.35,,15,3,,16,1,,7,7,,2444,2209,,1400,804,1792,.449,179,515,.348,422,609,.693,290,1040,374,195,120,386,630
178,Monmouth,30,9,21,.300,-9.67,-4.40,,5,13,,5,10,,2,11,,1818,1976,,1220,685,1639,.418,242,681,.355,364,540,.674,349,1064,438,192,129,408,536
179,Montana,32,21,11,.656,2.17,-2.47,,12,4,,13,2,,7,9,,2151,1950,,1290,682,1710,.399,164,506,.324,422,598,.706,353,1057,300,194,84,428,584
180,Montana State,31,13,18,.419,-7.01,-3.22,,7,9,,9,4,,2,14,,2079,2130,,1245,750,1667,.450,194,509,.381,436,650,.671,346,1117,367,195,89,412,582
181,Morehead State NCAA,35,25,10,.714,2.81,-3.13,,13,5,,14,1,,8,8,,2412,2162,,1414,735,1756,.419,245,673,.364,447,645,.693,313,992,454,238,95,523,675
182,Morgan State,31,17,14,.548,-8.04,-7.72,,10,6,,10,2,,4,10,,2061,2071,,1240,708,1650,.429,153,476,.321,502,724,.693,329,1027,372,237,146,447,622
183,Mount St. Mary's,32,11,21,.344,-9.22,-3.47,,9,9,,8,5,,3,16,,1940,2124,,1290,750,1759,.426,168,515,.326,456,677,.674,406,1149,406,213,100,435,588
184,Murray State,32,23,9,.719,0.45,-4.85,,14,4,,13,2,,9,4,,2194,1979,,1280,688,1586,.434,158,451,.350,445,634,.702,312,957,356,183,85,479,648
185,Navy,31,11,20,.355,-10.66,-5.56,,6,8,,6,7,,4,11,,2113,2254,,1255,763,1719,.444,224,649,.345,504,716,.704,358,1270,473,210,97,592,638
186,NC State,31,15,16,.484,7.02,6.80,,5,11,,11,5,,1,9,,2191,2184,,1240,789,1862,.424,163,509,.320,443,602,.736,407,1135,362,193,138,358,533
187,Nebraska,32,19,13,.594,10.54,4.67,,7,9,,17,2,,1,8,,2124,1936,,1287,657,1691,.389,229,681,.336,393,581,.676,310,1016,351,201,104,420,556
188,Nevada,32,13,19,.406,0.34,1.88,,8,8,,9,5,,3,10,,2245,2279,,1290,778,1827,.426,191,561,.340,532,749,.710,373,1132,398,199,90,398,660
189,Nevada-Las Vegas NCAA,33,24,9,.727,14.67,6.00,,11,5,,11,4,,8,3,,2363,2077,,1325,704,1737,.405,189,575,.329,480,689,.697,363,1106,358,165,84,534,648
190,New Hampshire,30,12,18,.400,-10.07,-6.32,,6,10,,7,5,,4,12,,1749,1826,,1215,639,1560,.410,157,475,.331,391,585,.668,316,1095,260,162,92,370,541
191,New Mexico,35,22,13,.629,11.72,4.90,,8,8,,14,3,,6,8,,2562,2308,,1420,813,1923,.423,226,682,.331,456,688,.663,342,1091,445,212,104,461,738
192,New Mexico State,33,16,17,.485,2.11,2.66,,9,7,,12,5,,3,9,,2364,2316,,1340,825,1875,.440,207,635,.326,459,686,.669,379,1140,436,215,95,498,685
193,Niagara,32,9,23,.281,-11.89,-3.02,,5,13,,6,7,,2,14,,1966,2250,,1280,795,1809,.439,190,570,.333,470,695,.676,437,1316,475,239,127,494,619
194,Nicholls State,28,14,14,.500,-5.72,-4.52,,8,8,,11,2,,3,11,,1836,1730,,1130,576,1294,.445,139,424,.328,439,611,.718,268,909,308,166,79,477,532
195,NJIT,30,15,15,.500,-13.18,-9.64,,9,3,,10,5,,5,9,,2065,2052,,1210,675,1596,.423,201,562,.358,501,730,.686,295,1065,405,175,115,433,513
196,Norfolk State,32,12,20,.375,-12.20,-7.45,,8,8,,7,4,,3,14,,2238,2390,,1300,791,1831,.432,194,533,.364,614,876,.701,395,1157,388,216,100,415,611
197,North Carolina NCAA,37,29,8,.784,18.87,10.15,,14,2,,15,0,,7,3,,2868,2545,,1485,948,2339,.405,267,806,.331,382,580,.659,454,1343,474,278,114,526,744
198,North Carolina A&T,32,15,17,.469,-12.06,-6.26,,9,7,,11,2,,4,14,,2282,2372,,1305,850,2066,.411,277,827,.335,395,549,.719,495,1283,449,248,144,446,648
199,North Carolina Central,30,15,15,.500,-13.03,-8.03,,,,,9,4,,6,10,,2062,2103,,1215,719,1622,.443,184,576,.319,481,675,.713,354,1041,388,178,96,470,539
200,North Dakota,34,19,15,.559,-11.83,-8.70,,8,4,,11,3,,4,11,,2319,2327,,1395,799,1872,.427,204,597,.342,525,761,.690,328,1189,420,223,96,473,708
201,North Dakota State,29,14,15,.483,-1.54,-3.50,,8,10,,10,3,,2,11,,2188,2062,,1175,727,1643,.442,153,454,.337,455,625,.728,307,935,336,165,127,383,566
202,North Florida,34,15,19,.441,-6.25,0.31,,10,10,,4,7,,7,11,,2208,2431,,1380,866,1981,.437,178,553,.322,521,780,.668,502,1269,425,248,141,498,673
203,North Texas,33,22,11,.667,-1.49,-5.07,,8,8,,14,2,,5,8,,2516,2358,,1325,854,1934,.442,190,563,.337,460,677,.679,361,1072,413,212,109,384,733
204,Northeastern,31,11,20,.355,-2.67,1.17,,6,12,,6,5,,3,10,,2064,2183,,1250,751,1584,.474,193,490,.394,488,679,.719,336,1016,423,199,129,389,536
205,Northern Arizona,32,19,13,.594,0.62,-3.72,,9,7,,13,1,,6,12,,2299,2078,,1290,716,1749,.409,193,591,.327,453,639,.709,364,1058,364,181,106,426,564
206,Northern Colorado NCAA,32,21,11,.656,1.39,-2.24,,13,3,,14,0,,6,9,,2287,2105,,1280,682,1660,.411,238,687,.346,503,711,.707,305,995,399,199,106,443,648
207,Northern Illinois,30,9,21,.300,-8.05,-2.26,,5,11,,6,8,,3,13,,2055,2199,,1210,756,1711,.442,190,548,.347,497,731,.680,316,1074,374,201,96,359,605
208,Northern Iowa,34,20,14,.588,4.53,2.04,,10,8,,13,5,,5,8,,2167,2046,,1360,724,1630,.444,216,590,.366,382,549,.696,265,1051,391,131,91,412,617
209,Northwestern,34,20,14,.588,11.66,7.54,,7,11,,13,4,,5,9,,2441,2301,,1375,822,1756,.468,201,575,.350,456,651,.700,318,1129,467,178,123,425,577
210,Northwestern State,32,18,14,.563,-8.88,-7.02,,10,6,,13,3,,5,10,,2462,2482,,1300,822,1881,.437,231,603,.383,607,877,.692,490,1274,461,275,86,602,796
211,Notre Dame NCAA,34,27,7,.794,18.17,8.43,,14,4,,17,0,,5,4,,2558,2227,,1380,815,1996,.408,234,662,.353,363,511,.710,372,1111,457,173,113,351,697
212,Oakland NCAA,35,25,10,.714,8.28,0.10,,17,1,,10,1,,10,7,,2992,2690,,1405,984,2217,.444,233,642,.363,489,678,.721,430,1192,484,236,97,423,721
213,Ohio,35,19,16,.543,0.59,-1.01,,9,7,,11,8,,7,6,,2604,2548,,1455,882,1971,.447,233,657,.355,551,789,.698,398,1253,480,206,130,535,693
214,Ohio State NCAA,37,34,3,.919,25.84,8.38,,16,2,,20,0,,9,2,,2854,2208,,1485,838,1976,.424,232,683,.340,300,407,.737,341,1096,424,150,119,552,697
215,Oklahoma,32,14,18,.438,3.71,6.42,,5,11,,12,4,,1,10,,2111,2199,,1290,767,1699,.451,195,538,.362,470,648,.725,331,1051,391,213,84,424,564
216,Oklahoma State,34,20,14,.588,8.53,6.94,,6,10,,14,2,,1,10,,2318,2264,,1380,734,1782,.412,204,599,.341,592,805,.735,345,1113,382,187,117,460,677
217,Old Dominion NCAA,34,27,7,.794,9.03,1.76,,14,4,,14,2,,7,4,,2231,1984,,1360,717,1774,.404,245,670,.366,305,488,.625,326,957,426,197,103,392,619
218,Oral Roberts,35,19,16,.543,0.86,-1.17,,13,5,,9,3,,7,10,,2615,2544,,1410,874,1900,.460,199,560,.355,597,810,.737,365,1171,412,203,120,453,698
219,Oregon,39,21,18,.538,6.92,6.92,,7,11,,16,8,,3,8,,2737,2704,,1565,941,2109,.446,287,785,.366,535,758,.706,399,1348,532,209,156,601,691
220,Oregon State,31,11,20,.355,1.51,5.03,,5,13,,9,7,,1,12,,2147,2256,,1240,783,1698,.461,262,701,.374,428,633,.676,336,1071,468,192,113,502,601
221,Pacific,31,16,15,.516,0.75,-0.88,,8,8,,8,5,,6,9,,2038,1945,,1250,722,1650,.438,189,534,.354,312,465,.671,280,970,405,181,79,332,519
222,Penn State NCAA,34,19,15,.559,11.98,11.45,,9,9,,13,5,,3,8,,2144,2126,,1360,768,1747,.440,235,644,.365,355,509,.697,316,1025,482,159,127,365,592
223,Pennsylvania,28,13,15,.464,-2.99,-1.64,,7,7,,7,5,,5,10,,1868,1906,,1150,674,1463,.461,188,521,.361,370,487,.760,251,878,414,180,98,385,499
224,Pepperdine,33,12,21,.364,-3.91,1.43,,5,9,,7,7,,2,13,,2289,2442,,1330,849,1844,.460,253,681,.372,491,704,.697,331,1110,542,212,120,397,639
225,Pittsburgh NCAA,34,28,6,.824,20.82,7.85,,15,3,,17,1,,7,2,,2514,2073,,1365,735,1850,.397,199,610,.326,404,598,.676,350,993,394,167,141,378,688
226,Portland,32,20,12,.625,4.70,2.20,,7,7,,13,2,,7,7,,2272,2192,,1290,755,1749,.432,231,663,.348,451,642,.702,329,997,405,221,114,365,594
227,Portland State,30,14,16,.467,-7.74,-4.47,,5,11,,10,5,,2,11,,2169,2230,,1200,840,1774,.474,195,562,.347,355,522,.680,355,1086,434,166,94,398,566
228,Prairie View,32,10,22,.313,-19.63,-8.77,,7,11,,8,3,,1,16,,2011,2242,,1295,774,1816,.426,202,610,.331,492,787,.625,407,1300,407,228,155,458,551
229,Presbyterian,31,13,18,.419,-7.72,-2.85,,7,11,,6,5,,6,12,,1915,2066,,1260,777,1698,.458,190,549,.346,322,464,.694,336,1024,372,202,95,351,517
230,Princeton NCAA,32,25,7,.781,3.71,-1.61,,13,2,,12,0,,10,5,,2215,2017,,1305,721,1701,.424,148,449,.330,427,597,.715,289,975,350,181,125,385,558
231,Providence,32,15,17,.469,6.91,6.44,,4,14,,14,5,,0,10,,2426,2411,,1285,897,2001,.448,191,584,.327,426,601,.709,422,1207,490,196,131,451,613
232,Purdue NCAA,34,26,8,.765,19.36,8.69,,14,4,,16,0,,7,5,,2466,2103,,1365,770,1858,.414,169,518,.326,394,565,.697,349,1143,427,198,110,478,633
233,Purdue Fort Wayne,30,18,12,.600,-2.17,-5.17,,11,7,,11,3,,7,8,,2230,2103,,1210,704,1538,.458,157,467,.336,538,744,.723,267,960,346,184,110,422,571
234,Quinnipiac,32,22,10,.688,-2.08,-6.39,,13,5,,12,6,,9,4,,2295,2157,,1280,716,1710,.419,182,541,.336,543,801,.678,303,1063,377,167,99,422,643
235,Radford,29,5,24,.172,-16.76,-2.52,,2,16,,5,8,,0,16,,1734,2065,,1170,717,1608,.446,218,607,.359,413,639,.646,366,1115,450,231,109,450,562
236,Rhode Island,34,20,14,.588,3.34,1.90,,9,7,,12,4,,6,8,,2316,2267,,1365,799,1886,.424,198,657,.301,471,697,.676,399,1248,445,199,109,474,617
237,Rice,32,14,18,.438,1.67,2.67,,5,11,,9,7,,3,8,,2148,2149,,1295,706,1606,.440,244,645,.378,493,692,.712,279,1008,409,188,101,433,647
238,Richmond NCAA,37,29,8,.784,11.23,2.79,,13,3,,12,3,,10,3,,2577,2265,,1490,832,2053,.405,188,614,.306,413,601,.687,441,1300,415,172,97,454,655
239,Rider,34,23,11,.676,1.62,-2.67,,13,5,,9,5,,11,5,,2486,2340,,1370,832,2045,.407,220,671,.328,456,679,.672,458,1262,470,246,96,436,609
240,Robert Morris,32,18,14,.563,-0.80,-2.61,,12,6,,11,2,,7,12,,2153,2095,,1295,675,1612,.419,208,614,.339,537,801,.670,354,1108,396,155,92,487,588
241,Rutgers,32,15,17,.469,7.88,7.22,,5,13,,10,6,,3,10,,2122,2101,,1295,667,1641,.406,227,657,.346,540,737,.733,356,1096,384,201,125,450,530
242,Sacramento State,28,7,21,.250,-14.01,-4.05,,4,12,,6,7,,1,13,,1729,1948,,1140,688,1562,.440,198,556,.356,374,560,.668,314,967,383,196,119,332,512
243,Sacred Heart,29,11,18,.379,-9.40,-6.12,,6,12,,5,7,,6,10,,1922,2017,,1170,696,1551,.449,190,557,.341,435,624,.697,324,975,374,213,102,433,528
244,Saint Francis (PA),30,9,21,.300,-11.50,-3.84,,7,11,,7,5,,2,16,,1957,2187,,1206,765,1626,.470,198,510,.388,459,703,.653,346,1038,447,220,118,409,561
245,Saint Joseph's,33,11,22,.333,-1.75,3.46,,4,12,,5,9,,4,12,,2129,2301,,1330,811,1859,.436,223,607,.367,456,647,.705,396,1207,510,186,112,354,559
246,Saint Louis,31,12,19,.387,2.83,3.06,,6,10,,9,7,,1,10,,1953,1933,,1240,680,1569,.433,118,350,.337,455,624,.729,294,1025,320,187,117,430,514
247,Saint Mary's (CA),34,25,9,.735,13.04,1.95,,11,3,,15,3,,6,4,,2684,2253,,1365,809,1834,.441,169,468,.361,466,674,.691,321,1042,352,192,94,462,635
248,Saint Peter's NCAA,34,20,14,.588,-0.28,-1.08,,11,7,,8,3,,8,8,,2069,2042,,1366,683,1818,.376,175,572,.306,501,765,.655,431,1243,359,243,132,484,660
249,Sam Houston,31,18,13,.581,-2.38,-3.90,,10,6,,9,5,,7,6,,2161,2049,,1245,720,1665,.432,165,537,.307,444,655,.678,293,1023,440,176,78,461,632
250,Samford,31,12,19,.387,-11.39,-4.22,,4,14,,6,8,,5,9,,1880,2072,,1250,722,1672,.432,247,669,.369,381,540,.706,380,1121,370,206,82,401,549
251,San Diego,30,6,24,.200,-8.60,3.18,,2,12,,5,9,,0,12,,1826,2114,,1205,735,1594,.461,151,453,.333,493,692,.712,345,1078,392,230,96,399,532
252,San Diego State NCAA,37,34,3,.919,17.96,6.36,,14,2,,14,1,,11,1,,2660,2192,,1490,802,2027,.396,194,608,.319,394,547,.720,381,1146,402,186,100,460,619
253,San Francisco,34,19,15,.559,1.78,3.06,,10,4,,13,4,,5,8,,2384,2401,,1380,844,2018,.418,234,731,.320,479,695,.689,364,1188,440,223,132,389,636
254,San Jose State,33,17,16,.515,-1.54,-0.08,,5,11,,9,6,,6,9,,2391,2405,,1360,839,1920,.437,231,676,.342,496,723,.686,344,1183,474,151,116,399,656
255,Santa Clara,38,24,14,.632,3.06,1.25,,8,6,,15,5,,8,6,,2810,2690,,1535,899,2012,.447,223,628,.355,669,907,.738,367,1214,460,253,128,546,820
256,Savannah State,30,12,18,.400,-9.06,-2.44,,,,,6,4,,4,14,,1818,1808,,1215,611,1517,.403,123,390,.315,463,682,.679,324,1031,311,184,105,456,529
257,Seattle,31,11,20,.355,-9.26,-2.36,,,,,6,6,,4,13,,2138,2352,,1240,786,1730,.454,196,570,.344,584,809,.722,346,1158,461,260,151,547,600
258,Seton Hall,31,13,18,.419,11.03,9.33,,7,11,,8,7,,4,7,,2092,2039,,1250,722,1729,.418,160,509,.314,435,664,.655,353,1160,366,189,139,446,531
259,Siena,31,13,18,.419,-3.83,-1.71,,8,10,,8,7,,4,10,,2103,2169,,1255,785,1816,.432,200,599,.334,399,566,.705,354,1089,403,254,146,403,554
260,South Alabama,28,12,16,.429,-9.80,-4.34,,6,10,,8,6,,4,9,,1969,2041,,1130,739,1616,.457,185,490,.378,378,573,.660,347,1021,367,184,107,410,562
261,South Carolina,30,14,16,.467,4.17,5.60,,5,11,,11,6,,3,9,,2027,2070,,1220,716,1690,.424,179,511,.350,459,667,.688,377,1139,386,172,98,445,470
262,South Carolina State,32,10,22,.313,-16.71,-8.57,,5,11,,8,6,,1,13,,2119,2276,,1290,769,1732,.444,203,601,.338,535,766,.698,361,1065,419,241,114,447,587
263,South Carolina Upstate,30,5,25,.167,-12.44,-0.94,,4,16,,3,8,,2,14,,1746,2091,,1215,745,1605,.464,182,525,.347,419,626,.669,339,1116,418,217,99,395,487
264,South Dakota,33,18,15,.545,-9.72,-10.48,,7,5,,13,2,,3,11,,2632,2507,,1340,924,2089,.442,197,604,.326,462,670,.690,393,1284,482,199,89,441,610
265,South Dakota State,31,19,12,.613,3.10,-4.04,,10,8,,10,5,,8,6,,2533,2285,,1240,836,1771,.472,201,499,.403,412,587,.702,331,1076,393,154,95,424,608
266,South Florida,33,10,23,.303,4.28,8.89,,3,15,,7,9,,1,12,,2044,2196,,1340,766,1797,.426,180,524,.344,484,698,.693,376,1079,449,250,135,345,600
267,Southeast Missouri State,32,10,22,.313,-12.27,-5.40,,6,12,,5,8,,4,13,,2117,2281,,1290,777,1777,.437,170,506,.336,557,776,.718,350,1121,389,208,109,386,679
268,Southeastern Louisiana,29,15,14,.517,-8.93,-5.40,,9,7,,9,2,,5,10,,2031,2003,,1165,705,1573,.448,158,446,.354,435,651,.668,335,1009,350,172,121,411,551
269,Southern,30,4,26,.133,-25.62,-9.47,,3,15,,3,11,,1,13,,1701,2162,,1210,773,1754,.441,181,582,.311,435,650,.669,418,1210,435,270,101,396,528
270,Southern California NCAA,34,19,15,.559,11.52,7.97,,10,8,,12,4,,5,8,,2252,2131,,1365,741,1810,.409,191,570,.335,458,653,.701,324,1122,342,168,99,404,599
271,Southern Illinois,32,13,19,.406,-2.46,1.48,,5,13,,8,8,,3,9,,1953,2079,,1290,708,1627,.435,171,468,.365,492,690,.713,292,1016,364,190,76,394,591
272,SIU Edwardsville,29,8,21,.276,-22.39,-3.67,,,,,6,8,,0,13,,1879,2248,,1180,801,1709,.469,152,450,.338,494,700,.706,365,1119,468,250,90,390,483
273,Southern Methodist,35,20,15,.571,1.04,-0.39,,8,8,,15,7,,5,7,,2262,2147,,1415,759,1802,.421,237,628,.377,392,550,.713,382,1077,387,218,66,484,594
274,Southern Mississippi,32,22,10,.688,8.41,1.90,,9,7,,13,2,,6,6,,2371,2093,,1285,711,1700,.418,220,618,.356,451,675,.668,327,993,375,166,102,433,655
275,Southern Utah,30,11,19,.367,-7.80,-3.44,,7,11,,6,8,,4,8,,2077,2192,,1200,719,1598,.450,195,521,.374,559,801,.698,334,929,355,225,90,397,646
276,St. Bonaventure,31,16,15,.516,1.31,1.73,,8,8,,10,5,,6,9,,2156,2169,,1290,773,1801,.429,191,583,.328,432,610,.708,352,1018,422,227,91,359,637
277,St. Francis (NY),30,15,15,.500,-5.45,-5.85,,10,8,,10,3,,5,10,,2002,1990,,1200,688,1537,.448,137,423,.324,477,699,.682,349,1114,382,180,93,499,618
278,St. John's (NY) NCAA,33,21,12,.636,13.10,10.01,,12,6,,13,3,,5,7,,2313,2211,,1325,739,1703,.434,253,681,.372,480,684,.702,354,1089,492,202,129,530,678
279,Stanford,31,15,16,.484,6.40,5.17,,7,11,,11,5,,3,8,,2058,2020,,1245,704,1633,.431,196,538,.364,416,593,.702,302,1005,362,184,82,436,566
280,Stephen F. Austin,29,18,11,.621,-3.29,-7.73,,9,7,,13,3,,5,7,,1926,1643,,1170,595,1420,.419,128,451,.284,325,490,.663,248,816,307,182,84,444,554
281,Stetson,31,8,23,.258,-10.73,-2.86,,6,14,,5,8,,3,12,,1986,2228,,1260,737,1666,.442,237,644,.368,517,751,.688,380,1081,444,208,117,450,622
282,Stony Brook,32,15,17,.469,-6.85,-6.20,,8,8,,7,7,,6,10,,1951,1934,,1310,664,1704,.390,202,656,.308,404,576,.701,353,1179,356,200,92,430,580
283,Syracuse NCAA,35,27,8,.771,18.85,8.79,,12,6,,16,3,,6,3,,2568,2216,,1410,788,2000,.394,244,775,.315,396,594,.667,442,1182,499,224,100,490,615
284,TCU,33,11,22,.333,0.96,3.93,,1,15,,8,8,,1,11,,2220,2318,,1326,818,1779,.460,200,607,.329,482,693,.696,299,1136,471,192,111,438,528
285,Temple NCAA,34,26,8,.765,12.35,4.23,,14,2,,14,0,,7,4,,2400,2124,,1375,790,1908,.414,187,523,.358,357,504,.708,340,1132,389,172,105,447,579
286,Tennessee NCAA,34,19,15,.559,11.08,8.73,,8,8,,10,8,,5,4,,2376,2296,,1370,785,1878,.418,230,692,.332,496,704,.705,388,1153,414,228,140,476,649
287,Tennessee State,30,14,16,.467,-7.12,-4.73,,10,8,,11,2,,3,13,,2044,2040,,1214,727,1662,.437,186,560,.332,400,591,.677,363,1007,397,169,99,423,548
288,Tennessee Tech,33,20,13,.606,-5.64,-5.77,,12,6,,10,5,,7,7,,2462,2307,,1335,782,1815,.431,200,590,.339,543,787,.690,337,1054,448,231,113,533,672
289,Tennessee-Martin,33,12,21,.364,-12.77,-5.00,,6,12,,7,7,,4,13,,2264,2454,,1335,895,1884,.475,174,529,.329,490,719,.682,393,1198,516,239,145,505,666
290,Texas NCAA,36,28,8,.778,20.82,7.96,,13,3,,16,2,,7,3,,2701,2238,,1450,816,2108,.387,162,549,.295,444,648,.685,423,1223,342,191,105,461,748
291,Texas A&M NCAA,33,24,9,.727,12.62,5.94,,10,6,,15,2,,5,4,,2254,2009,,1340,702,1703,.412,179,566,.316,426,619,.688,321,988,368,208,146,441,686
292,Texas A&M-Corpus Christi,31,10,21,.323,-12.31,-2.09,,5,11,,6,7,,2,12,,1943,2194,,1250,793,1721,.461,192,555,.346,416,580,.717,330,1012,451,272,92,406,579
293,Texas Southern,32,19,13,.594,-10.14,-9.02,,16,2,,9,1,,8,11,,2056,2092,,1295,727,1744,.417,207,633,.327,431,691,.624,394,1139,444,268,90,516,640
294,Texas State,32,16,16,.500,-7.65,-5.89,,10,6,,11,3,,3,9,,2506,2510,,1290,872,1900,.459,204,617,.331,562,822,.684,372,1200,477,212,80,545,725
295,Texas Tech,32,13,19,.406,4.02,6.18,,5,11,,11,7,,2,9,,2342,2411,,1290,859,1881,.457,181,515,.351,512,736,.696,397,1149,392,221,97,437,623
296,Texas-Rio Grande Valley,31,6,25,.194,-16.55,-6.41,,2,10,,5,9,,0,14,,2114,2357,,1245,800,1677,.477,232,570,.407,525,744,.706,317,1080,446,191,96,442,652
297,The Citadel,32,10,22,.313,-9.84,-2.84,,6,12,,6,8,,3,12,,2049,2237,,1285,821,1772,.463,215,633,.340,380,556,.683,300,1034,436,194,108,339,513
298,Toledo,32,4,28,.125,-14.75,-0.88,,1,15,,4,12,,0,16,,1853,2247,,1290,790,1755,.450,259,729,.355,408,584,.699,368,1121,508,265,126,397,599
299,Towson,30,4,26,.133,-8.06,-0.52,,0,18,,2,12,,2,13,,2053,2279,,1210,825,1698,.486,218,542,.402,411,583,.705,342,1046,458,193,95,348,530
300,Troy,29,8,21,.276,-9.48,-2.05,,6,10,,5,6,,2,13,,2076,2243,,1190,774,1747,.443,257,700,.367,438,627,.699,339,1144,426,223,118,413,490
301,Tulane,30,13,17,.433,-0.28,-0.68,,3,13,,9,6,,4,10,,2057,1975,,1205,695,1524,.456,174,516,.337,411,571,.720,287,1001,416,183,113,459,574
302,Tulsa,32,19,13,.594,6.06,3.25,,11,5,,12,3,,4,7,,2255,2165,,1300,735,1739,.423,180,539,.334,515,711,.724,301,1008,362,203,103,377,652
303,UAB NCAA,31,22,9,.710,8.55,2.78,,12,4,,13,2,,8,5,,2119,1940,,1270,699,1692,.413,156,503,.310,386,549,.703,333,1035,339,186,102,385,539
304,UC Davis,30,10,20,.333,-5.69,-1.90,,4,12,,7,7,,3,11,,2136,2194,,1227,786,1711,.459,176,505,.349,446,687,.649,359,1085,405,214,61,413,545
305,UC Irvine,32,13,19,.406,-3.78,-2.36,,6,10,,9,6,,4,12,,2411,2419,,1310,818,1892,.432,237,717,.331,546,762,.717,367,1252,437,149,90,464,641
306,UC Riverside,31,12,19,.387,-8.26,-1.40,,6,10,,7,5,,4,11,,2044,2164,,1255,718,1680,.427,259,687,.377,469,660,.711,331,1074,411,169,81,424,559
307,UC Santa Barbara NCAA,32,18,14,.563,1.22,0.12,,8,8,,9,4,,5,8,,2170,2105,,1295,696,1712,.407,227,625,.363,486,693,.701,356,1056,413,195,67,429,557
308,UCLA NCAA,34,23,11,.676,11.70,7.93,,13,5,,16,2,,5,5,,2382,2254,,1375,821,1964,.418,176,506,.348,436,648,.673,396,1116,409,236,98,410,654
309,UNC Asheville NCAA,34,20,14,.588,-0.69,-2.89,,11,7,,10,5,,8,8,,2506,2333,,1390,803,1925,.417,218,648,.336,509,747,.681,440,1246,432,251,121,592,690
310,UNC Greensboro,31,7,24,.226,-9.95,-0.37,,6,12,,3,12,,3,11,,2204,2501,,1255,850,1796,.473,247,646,.382,554,780,.710,375,1135,464,264,111,440,568
311,UNC Wilmington,31,13,18,.419,-3.41,-0.44,,7,11,,9,6,,3,11,,1975,2067,,1265,750,1728,.434,214,613,.349,353,539,.655,407,1089,411,236,114,374,506
312,UT Arlington,29,13,16,.448,-7.59,-5.47,,7,9,,9,4,,4,12,,2055,1993,,1175,654,1609,.406,207,632,.328,478,729,.656,368,1036,379,256,92,479,564
313,Utah,31,13,18,.419,2.46,6.56,,6,10,,9,6,,4,9,,2078,2177,,1240,763,1808,.422,174,498,.349,477,693,.688,363,1130,403,211,129,332,576
314,Utah State NCAA,34,30,4,.882,13.23,0.50,,15,1,,17,0,,11,3,,2449,1995,,1370,696,1815,.383,186,616,.302,417,616,.677,319,1007,363,185,98,412,666
315,Utah Valley,30,19,11,.633,-7.78,-9.97,,11,1,,13,3,,6,8,,2276,2054,,1225,727,1765,.412,204,610,.334,396,634,.625,309,1004,348,191,100,370,673
316,UTEP,35,25,10,.714,8.83,2.47,,11,5,,17,2,,5,6,,2470,2225,,1415,784,1959,.400,220,718,.306,437,653,.669,398,1267,459,217,98,513,667
317,UTSA NCAA,34,20,14,.588,-5.80,-4.93,,9,7,,11,3,,5,10,,2384,2363,,1360,813,1941,.419,254,766,.332,483,695,.695,413,1240,443,199,112,480,696
318,Valparaiso,35,23,12,.657,4.24,1.69,,12,6,,13,4,,6,8,,2564,2379,,1425,813,1920,.423,208,635,.328,545,775,.703,401,1185,410,229,118,513,681
319,Vanderbilt NCAA,34,23,11,.676,15.10,6.86,,9,7,,14,3,,5,5,,2581,2301,,1375,848,2063,.411,203,649,.313,402,577,.697,419,1172,392,232,116,406,679
320,Vermont,32,23,9,.719,0.14,-5.33,,13,3,,12,2,,10,5,,2147,1972,,1290,711,1812,.392,188,581,.324,362,508,.713,343,1017,329,198,110,382,609
321,Villanova NCAA,33,21,12,.636,15.05,8.23,,9,9,,13,4,,7,5,,2384,2159,,1325,739,1823,.405,210,656,.320,471,665,.708,356,1076,443,194,118,395,648
322,Virginia,31,16,15,.516,6.01,6.55,,7,9,,11,6,,4,6,,1918,1935,,1250,705,1612,.437,208,573,.363,317,465,.682,280,1045,331,154,123,379,500
323,Virginia Commonwealth NCAA,40,28,12,.700,8.56,3.78,,12,6,,11,3,,8,6,,2864,2673,,1620,971,2200,.441,222,661,.336,509,751,.678,496,1455,518,234,150,584,747
324,VMI,31,18,13,.581,-4.23,-5.45,,10,8,,11,5,,7,7,,2726,2545,,1245,926,2018,.459,192,540,.356,501,740,.677,439,1299,493,208,95,506,570
325,Virginia Tech,34,22,12,.647,13.84,6.29,,9,7,,12,4,,4,6,,2390,2133,,1375,771,1851,.417,211,656,.322,380,578,.657,364,1111,414,157,112,490,671
326,Wagner,30,13,17,.433,-6.54,-3.67,,9,9,,8,5,,5,12,,2029,2115,,1220,648,1516,.427,145,410,.354,674,944,.714,359,1071,355,214,77,458,605
327,Wake Forest,32,8,24,.250,-4.43,5.51,,1,15,,7,12,,0,10,,2151,2469,,1280,902,1978,.456,223,602,.370,442,641,.690,414,1211,506,261,96,394,587
328,Washington NCAA,35,24,11,.686,20.12,7.74,,11,7,,14,2,,5,6,,2907,2474,,1410,844,2017,.418,183,558,.328,603,887,.680,412,1219,385,207,97,515,656
329,Washington State,35,22,13,.629,12.27,6.81,,9,9,,14,4,,5,6,,2550,2359,,1420,814,2040,.399,252,808,.312,479,666,.719,436,1279,467,221,101,507,653
330,Weber State,32,18,14,.563,-1.64,-1.74,,11,5,,11,2,,6,10,,2243,2144,,1285,725,1719,.422,221,607,.364,473,669,.707,302,1042,364,196,100,376,542
331,West Virginia NCAA,33,21,12,.636,16.15,11.03,,11,7,,12,2,,4,6,,2303,2134,,1320,752,1827,.412,172,592,.291,458,658,.696,417,1116,367,212,102,393,699
332,Western Carolina,33,18,15,.545,-3.54,-2.86,,12,6,,11,1,,6,11,,2303,2275,,1325,779,1732,.450,161,518,.311,556,821,.677,346,1177,392,217,99,520,572
333,Western Illinois,30,7,23,.233,-15.14,-4.43,,2,16,,5,9,,1,13,,1719,1945,,1200,654,1523,.429,174,509,.342,463,660,.702,303,1031,380,193,82,359,532
334,Western Kentucky,32,16,16,.500,-3.80,-3.15,,8,8,,7,6,,6,7,,2242,2263,,1290,831,1900,.437,216,595,.363,385,590,.653,422,1179,419,203,104,451,629
335,Western Michigan,34,21,13,.618,-0.70,-2.52,,11,5,,12,6,,7,6,,2440,2321,,1375,836,1939,.431,199,572,.348,450,694,.648,380,1142,424,207,104,437,650
336,Wichita State,37,29,8,.784,12.57,1.79,,14,4,,14,4,,9,2,,2690,2281,,1500,798,1956,.408,195,577,.338,490,703,.697,318,1078,370,205,104,448,671
337,William & Mary,32,10,22,.313,-4.38,0.49,,4,14,,7,8,,2,13,,2051,2174,,1285,782,1807,.433,233,665,.350,377,531,.710,335,1068,428,239,102,316,563
338,Winthrop,30,13,17,.433,-5.38,-3.20,,9,9,,9,4,,4,10,,1973,2006,,1225,686,1650,.416,191,578,.330,443,651,.680,337,1106,362,189,123,428,529
339,Wisconsin NCAA,34,25,9,.735,18.77,9.42,,13,5,,16,0,,5,6,,2310,1992,,1370,705,1647,.428,179,484,.370,403,542,.744,273,1008,325,133,61,329,570
340,Wofford NCAA,34,21,13,.618,4.35,-1.21,,14,4,,8,4,,8,6,,2502,2313,,1390,796,1787,.445,188,540,.348,533,742,.718,353,1073,365,200,110,452,675
341,Wright State,33,19,14,.576,3.22,1.45,,10,8,,14,3,,5,8,,2123,2035,,1320,704,1527,.461,178,545,.327,449,635,.707,274,1030,366,144,100,498,595
342,Wyoming,31,10,21,.323,-3.16,3.53,,3,13,,10,7,,0,11,,2044,2161,,1240,764,1710,.447,230,625,.368,403,568,.710,335,1102,394,190,95,463,600
343,Xavier NCAA,32,24,8,.750,11.88,4.41,,15,1,,14,1,,7,4,,2306,2067,,1300,707,1743,.406,208,613,.339,445,610,.730,308,991,418,183,104,401,653
344,Yale,28,15,13,.536,-2.91,-2.72,,8,6,,9,4,,6,8,,1908,1885,,1140,669,1591,.420,152,438,.347,395,560,.705,291,953,310,165,99,336,559
345,Youngstown State,30,9,21,.300,-6.40,0.93,,2,16,,9,7,,0,14,,2072,2226,,1215,771,1717,.449,172,475,.362,512,747,.685,344,1194,413,175,74,387,511